"","PointCode","Date","StrmID","StrmID2","SubplotCode","Occupied","CoverType","cmLenCover","cmWidCover","distWater","NN_occ_cm","NN_vac_cm","per_sand","per_siltClay","per_grav","per_rock","per_litter","per_wood","per_veg","cmDepth","covArea","SAL","DCHE","ECIR","CHOW","DPER","PSRUB","CAM","NA.","D","EGUT","salCount","crayCount","occupantCount","sealPres"
"1","STRM01-OCC-001","3/17/2023","STRM01","Stream 01","STRM01-1-1",1,"R",42,27,106,195,70,0,100,0,0,0,0,0,0,1134,0,0,0,0,1,0,0,0,0,0,1,0,1,0
"2","STRM01-OCC-002","3/17/2023","STRM01","Stream 01","STRM01-1-1",1,"R",34,22,0,54,25,10,15,0,0,75,0,0,6,748,0,1,0,0,0,0,0,0,0,0,1,0,1,1
"3","STRM01-OCC-003","3/17/2023","STRM01","Stream 01","STRM01-1-1",1,"R",73,33,0,54,25,5,0,5,90,0,0,0,5,2409,0,1,1,0,0,0,0,0,0,0,2,0,2,1
"4","STRM01-OCC-004","3/17/2023","STRM01","Stream 01","STRM01-1-2",1,"R",34,28,0,53,18,0,0,0,0,100,0,0,2,952,0,1,0,0,0,0,0,0,0,0,1,0,1,1
"5","STRM01-OCC-005","3/17/2023","STRM01","Stream 01","STRM01-1-2",1,"W",48,13,0,53,17,50,0,0,0,50,0,0,1,624,0,0,1,0,0,0,0,0,0,0,1,0,1,0
"6","STRM01-OCC-006","3/17/2023","STRM01","Stream 01","STRM01-1-3",1,"R",15,11,8,82,38,0,0,5,0,95,0,0,0,165,0,0,0,0,1,0,0,0,0,0,1,0,1,0
"7","STRM01-OCC-007","3/17/2023","STRM01","Stream 01","STRM01-1-3",1,"L",9,9,0,15,7,30,0,0,30,20,20,0,2,81,0,0,0,0,0,0,0,NA,0,0,0,0,0,0
"8","STRM01-OCC-008","3/17/2023","STRM01","Stream 01","STRM01-1-3",1,"R",18,10,0,15,12,60,0,15,15,10,0,0,1,180,0,0,0,0,1,0,0,0,0,0,1,0,1,0
"9","STRM01-OCC-009","3/17/2023","STRM01","Stream 01","STRM01-1-4",1,"W",20,11,0,9,21,50,0,0,0,50,0,0,1,220,0,1,1,0,0,0,0,0,0,0,2,0,2,1
"10","STRM01-OCC-010","3/17/2023","STRM01","Stream 01","STRM01-1-4",1,"R",36,30,0,9,18,50,0,25,0,25,0,0,3,1080,0,1,0,0,1,0,0,0,0,0,2,0,2,1
"11","STRM01-OCC-011","3/17/2023","STRM01","Stream 01","STRM01-1-4",1,"R",10,10,0,55,21,0,0,0,50,50,0,0,1,100,0,0,1,0,0,0,0,0,0,0,1,0,1,0
"12","STRM01-OCC-012","3/17/2023","STRM01","Stream 01","STRM01-1-5",1,"R",20,13,0,95,41,0,0,0,0,100,0,0,2,260,0,0,0,0,1,0,0,0,0,0,1,0,1,0
"13","STRM01-OCC-013","3/17/2023","STRM01","Stream 01","STRM01-1-5",1,"R",59,23,0,95,12,10,10,20,20,40,0,0,1,1357,0,2,0,0,1,0,0,0,0,0,3,0,3,1
"14","STRM01-OCC-014","3/17/2023","STRM01","Stream 01","STRM01-1-1",1,"W",90,9,73,73,11,0,0,0,0,100,0,0,0,810,0,0,0,0,1,0,0,0,0,0,1,0,1,0
"15","STRM01-VAC-001","3/17/2023","STRM01","Stream 01","STRM01-1-1",0,"W",32,7,0,NA,NA,20,0,0,15,65,0,0,3,224,0,0,0,0,0,0,0,NA,0,0,0,0,0,0
"16","STRM01-VAC-002","3/17/2023","STRM01","Stream 01","STRM01-1-1",0,"R",10,8,0,NA,NA,0,0,60,0,40,0,0,3,80,0,0,0,0,0,0,0,NA,0,0,0,0,0,0
"17","STRM01-VAC-003","3/17/2023","STRM01","Stream 01","STRM01-1-2",0,"R",28,20,0,NA,NA,15,0,5,0,80,0,0,1,560,0,0,0,0,0,0,0,NA,0,0,0,0,0,0
"18","STRM01-VAC-004","3/17/2023","STRM01","Stream 01","STRM01-1-2",0,"W",31,8,0,NA,NA,0,0,0,0,100,0,0,0,248,0,0,0,0,0,0,0,NA,0,0,0,0,0,0
"19","STRM01-VAC-005","3/17/2023","STRM01","Stream 01","STRM01-1-3",0,"R",13,9,21,NA,NA,0,20,0,20,60,0,0,0,117,0,0,0,0,0,0,0,NA,0,0,0,0,0,0
"20","STRM01-VAC-006","3/17/2023","STRM01","Stream 01","STRM01-1-3",0,"W",22,9,0,NA,NA,0,0,0,50,50,0,0,3,198,0,0,0,0,0,0,0,NA,0,0,0,0,0,0
"21","STRM01-VAC-007","3/17/2023","STRM01","Stream 01","STRM01-1-3",0,"R",16,15,0,NA,NA,10,0,10,0,80,0,0,1,240,0,0,0,0,0,0,0,NA,0,0,0,0,0,0
"22","STRM01-VAC-008","3/17/2023","STRM01","Stream 01","STRM01-1-4",0,"R",16,16,50,NA,NA,0,0,0,40,60,0,0,0,256,0,0,0,0,0,0,0,NA,0,0,0,0,0,0
"23","STRM01-VAC-009","3/17/2023","STRM01","Stream 01","STRM01-1-4",0,"R",21,8,0,NA,NA,20,0,0,0,80,0,0,3,168,0,0,0,0,0,0,0,NA,0,0,0,0,0,0
"24","STRM01-VAC-010","3/17/2023","STRM01","Stream 01","STRM01-1-5",0,"W",50,10,10,NA,NA,0,0,0,10,90,0,0,0,500,0,0,0,0,0,0,0,NA,0,0,0,0,0,0
"25","STRM01-VAC-011","3/17/2023","STRM01","Stream 01","STRM01-1-5",0,"W",60,8,0,NA,NA,0,0,0,0,100,0,0,1,480,0,0,0,0,0,0,0,NA,0,0,0,0,0,0
"26","STRM01-VAC-014","3/17/2023","STRM01","Stream 01","STRM01-1-5",0,"R",22,15,72,72,NA,0,60,0,0,40,0,0,0,330,0,0,0,0,0,0,0,NA,0,0,0,0,0,0
"27","STRM02-OCC-001","3/18/2023","STRM02","Stream 02","STRM02-3-1",1,"R",35,16,0,54,6,10,0,45,40,5,0,0,5,560,0,0,0,0,1,0,0,0,1,0,2,0,2,0
"28","STRM02-OCC-002","3/18/2023","STRM02","Stream 02","STRM02-3-1",1,"R",22,9,0,27,8,60,0,40,0,0,0,0,1,198,0,0,0,0,1,0,0,0,0,0,1,0,1,0
"29","STRM02-OCC-003","3/18/2023","STRM02","Stream 02","STRM02-3-1",1,"R",19,16,0,27,20,50,0,30,20,0,0,0,1,304,0,0,0,0,1,0,0,0,0,0,1,0,1,0
"30","STRM02-OCC-006","3/18/2023","STRM02","Stream 02","STRM02-3-1",1,"R",12,8,0,100,12,45,5,40,5,5,0,0,3,96,0,0,0,0,2,0,0,0,0,0,2,0,2,0
"31","STRM02-OCC-007","3/18/2023","STRM02","Stream 02","STRM02-3-1",1,"R",11,8,0,60,11,50,0,50,0,0,0,0,2,88,0,0,0,0,1,0,0,0,0,0,1,0,1,0
"32","STRM02-OCC-009","3/18/2023","STRM02","Stream 02","STRM02-3-2",1,"R",35,26,0,23,11,80,20,0,0,0,0,0,0.5,910,0,1,0,0,0,0,0,0,0,0,1,0,1,1
"33","STRM02-OCC-010","3/18/2023","STRM02","Stream 02","STRM02-3-2",1,"R",31,21,0,31,31,80,0,20,0,0,0,0,2,651,0,1,0,0,0,0,0,0,0,0,1,0,1,1
"34","STRM02-OCC-011","3/18/2023","STRM02","Stream 02","STRM02-3-2",1,"R",22,16,0,28,22,95,0,5,0,0,0,0,8,352,0,0,1,0,0,0,0,0,0,0,1,0,1,0
"35","STRM02-OCC-012","3/18/2023","STRM02","Stream 02","STRM02-3-3",1,"R",22,17,0,16,30,50,0,0,50,0,0,0,2,374,0,0,1,0,0,0,0,0,0,0,1,0,1,0
"36","STRM02-OCC-013","3/18/2023","STRM02","Stream 02","STRM02-3-3",1,"R",18,14,0,16,17,85,0,5,10,0,0,0,3,252,0,0,0,0,0,0,1,0,0,0,0,1,1,0
"37","STRM02-OCC-014","3/18/2023","STRM02","Stream 02","STRM02-3-3",1,"R",29,15,0,20,12,100,0,0,0,0,0,0,1,435,0,0,0,0,1,0,0,0,0,0,1,0,1,0
"38","STRM02-OCC-015","3/18/2023","STRM02","Stream 02","STRM02-3-3",1,"R",18,15,0,19,14,100,0,0,0,0,0,0,3,270,0,0,0,0,1,0,1,0,0,0,1,1,2,0
"39","STRM02-OCC-016","3/18/2023","STRM02","Stream 02","STRM02-3-3",1,"R",51,27,0,67,23,80,0,15,0,5,0,0,3,1377,0,1,0,0,0,0,0,0,0,0,1,0,1,1
"40","STRM02-OCC-017","3/18/2023","STRM02","Stream 02","STRM02-3-3",1,"R",37,19,18,70,23,50,50,0,0,0,0,0,0,703,0,0,0,0,1,0,0,0,0,0,1,0,1,0
"41","STRM02-OCC-018","3/18/2023","STRM02","Stream 02","STRM02-3-4",1,"R",25,22,0,50,17,85,0,15,0,0,0,0,3,550,0,0,2,0,0,0,0,0,0,0,2,0,2,0
"42","STRM02-OCC-019","3/18/2023","STRM02","Stream 02","STRM02-3-4",1,"R",40,38,15,46,16,0,0,0,50,50,0,0,0,1520,0,0,1,0,1,0,0,0,0,0,2,0,2,0
"43","STRM02-OCC-020","3/18/2023","STRM02","Stream 02","STRM02-3-4",1,"R",33,18,0,42,18,25,25,25,0,25,0,0,2,594,0,1,0,0,0,0,0,0,0,0,1,0,1,1
"44","STRM02-OCC-021","3/18/2023","STRM02","Stream 02","STRM02-3-4",1,"R",40,38,0,50,17,50,0,0,0,50,0,0,5,1520,0,1,0,0,0,0,0,0,0,0,1,0,1,1
"45","STRM02-OCC-022","3/18/2023","STRM02","Stream 02","STRM02-3-5",1,"R",42,33,0,96,36,20,0,0,30,50,0,0,8,1386,0,0,0,0,1,0,0,0,0,0,1,0,1,0
"46","STRM02-OCC-023","3/18/2023","STRM02","Stream 02","STRM02-3-5",1,"R",31,24,0,98,23,25,0,0,25,50,0,0,1,744,0,1,0,0,0,0,0,0,0,0,1,0,1,1
"47","STRM02-VAC-001","3/18/2023","STRM02","Stream 02","STRM02-3-1",0,"R",8,8,0,NA,NA,45,0,50,0,5,0,0,5,64,0,0,0,0,0,0,0,NA,0,0,0,0,0,0
"48","STRM02-VAC-002","3/18/2023","STRM02","Stream 02","STRM02-3-1",0,"R",8,6,0,NA,NA,20,0,80,0,0,0,0,4,48,0,0,0,0,0,0,0,NA,0,0,0,0,0,0
"49","STRM02-VAC-003","3/18/2023","STRM02","Stream 02","STRM02-3-1",0,"R",19,12,0,NA,NA,90,0,10,0,0,0,0,3,228,0,0,0,0,0,0,0,NA,0,0,0,0,0,0
"50","STRM02-VAC-004","3/18/2023","STRM02","Stream 02","STRM02-3-1",0,"R",29,5,0,NA,NA,40,0,0,0,60,0,0,5,145,0,0,0,0,0,0,0,NA,0,0,0,0,0,0
"51","STRM02-VAC-005","3/18/2023","STRM02","Stream 02","STRM02-3-2",0,"R",16,14,0,NA,NA,100,0,0,0,0,0,0,1,224,0,0,0,0,0,0,0,NA,0,0,0,0,0,0
"52","STRM02-VAC-006","3/18/2023","STRM02","Stream 02","STRM02-3-2",0,"R",16,11,0,NA,NA,90,0,0,5,5,0,0,6,176,0,0,0,0,0,0,0,NA,0,0,0,0,0,0
"53","STRM02-VAC-007","3/18/2023","STRM02","Stream 02","STRM02-3-3",0,"R",13,11,0,NA,NA,10,40,0,0,50,0,0,1,143,0,0,0,0,0,0,0,NA,0,0,0,0,0,0
"54","STRM02-VAC-008","3/18/2023","STRM02","Stream 02","STRM02-3-3",0,"R",11,8,0,NA,NA,80,0,10,10,0,0,0,3,88,0,0,0,0,0,0,0,NA,0,0,0,0,0,0
"55","STRM02-VAC-009","3/18/2023","STRM02","Stream 02","STRM02-3-3",0,"R",20,15,0,NA,NA,50,0,50,0,0,0,0,2,300,0,0,0,0,0,0,0,NA,0,0,0,0,0,0
"56","STRM02-VAC-010","3/18/2023","STRM02","Stream 02","STRM02-3-3",0,"R",20,18,0,NA,NA,80,0,20,0,0,0,0,2,360,0,0,0,0,0,0,0,NA,0,0,0,0,0,0
"57","STRM02-VAC-011","3/18/2023","STRM02","Stream 02","STRM02-3-3",0,"R",18,15,0,NA,NA,100,0,0,0,0,0,0,2,270,0,0,0,0,0,0,0,NA,0,0,0,0,0,0
"58","STRM02-VAC-012","3/18/2023","STRM02","Stream 02","STRM02-3-3",0,"R",14,13,0,NA,NA,0,100,0,0,0,0,0,0,182,0,0,0,0,0,0,0,NA,0,0,0,0,0,0
"59","STRM02-VAC-013","3/18/2023","STRM02","Stream 02","STRM02-3-4",0,"R",6,4,0,NA,NA,0,0,100,0,0,0,0,3,24,0,0,0,0,0,0,0,NA,0,0,0,0,0,0
"60","STRM02-VAC-014","3/18/2023","STRM02","Stream 02","STRM02-3-4",0,"R",21,11,52,NA,NA,0,100,0,0,0,0,0,0,231,0,0,0,0,0,0,0,NA,0,0,0,0,0,0
"61","STRM02-VAC-015","3/18/2023","STRM02","Stream 02","STRM02-3-4",0,"R",19,15,0,NA,NA,85,15,0,0,0,0,0,3,285,0,0,0,0,0,0,0,NA,0,0,0,0,0,0
"62","STRM02-VAC-016","3/18/2023","STRM02","Stream 02","STRM02-3-4",0,"R",22,21,0,NA,NA,33,33,0,0,34,0,0,2,462,0,0,0,0,0,0,0,NA,0,0,0,0,0,0
"63","STRM02-VAC-017","3/18/2023","STRM02","Stream 02","STRM02-3-5",0,"R",37,12,0,NA,NA,100,0,0,0,0,0,0,3,444,0,0,0,0,0,0,0,NA,0,0,0,0,0,0
"64","STRM02-VAC-018","3/18/2023","STRM02","Stream 02","STRM02-3-5",0,"R",11,10,0,NA,NA,50,0,0,0,50,0,0,1,110,0,0,0,0,0,0,0,NA,0,0,0,0,0,0
"65","STRM03-OCC-001","3/19/2023","STRM03","Stream 03","STRM03-1-1",1,"R",36,23,0,72,21,10,5,20,60,5,0,0,2.5,828,0,0,0,0,1,0,0,0,0,0,1,0,1,0
"66","STRM03-OCC-002","3/19/2023","STRM03","Stream 03","STRM03-1-1",1,"R",38,18,0,46,18,5,0,0,50,45,0,0,0.5,684,0,0,0,0,1,0,0,0,0,0,1,0,1,0
"67","STRM03-OCC-003","3/19/2023","STRM03","Stream 03","STRM03-1-1",1,"R",18,15,0,33,13,50,0,0,40,10,0,0,3.5,270,0,0,1,0,0,0,0,0,0,0,1,0,1,0
"68","STRM03-OCC-004","3/19/2023","STRM03","Stream 03","STRM03-1-1",1,"R",45,23,0,31,8,0,0,0,20,80,0,0,3,1035,0,0,0,0,0,0,1,0,0,0,0,1,1,0
"69","STRM03-OCC-005","3/19/2023","STRM03","Stream 03","STRM03-1-1",1,"R",28,21,26,81,23,0,65,0,0,35,0,0,0,588,0,0,0,0,2,0,0,0,0,0,2,0,2,0
"70","STRM03-OCC-006","3/19/2023","STRM03","Stream 03","STRM03-1-1",1,"R",38,37,0,27,25,25,35,0,25,15,0,0,4,1406,0,0,0,0,1,0,0,0,0,0,1,0,1,0
"71","STRM03-OCC-007","3/19/2023","STRM03","Stream 03","STRM03-1-2",1,"R",32,15,0,90,16,0,50,0,15,35,0,0,7,480,0,0,0,0,0,0,1,0,0,0,0,1,1,0
"72","STRM03-OCC-008","3/19/2023","STRM03","Stream 03","STRM03-1-3",1,"R",24,22,0,120,30,65,0,0,0,35,0,0,5,528,0,0,0,0,1,0,0,0,0,0,1,0,1,0
"73","STRM03-OCC-009","3/19/2023","STRM03","Stream 03","STRM03-1-3",1,"R",22,18,0,46,20,50,0,0,0,50,0,0,4,396,0,0,0,0,0,0,0,0,1,0,1,0,1,0
"74","STRM03-OCC-010","3/19/2023","STRM03","Stream 03","STRM03-1-3",1,"R",33,27,20,47,21,100,0,0,0,0,0,0,0,891,0,0,0,0,0,0,1,0,0,0,0,1,1,0
"75","STRM03-OCC-011","3/19/2023","STRM03","Stream 03","STRM03-1-3",1,"R",24,15,23,58,20,0,100,0,0,0,0,0,0,360,0,0,1,0,0,0,0,0,0,0,1,0,1,0
"76","STRM03-OCC-012","3/19/2023","STRM03","Stream 03","STRM03-1-4",1,"R",48,35,71,47,25,50,50,0,0,0,0,0,0,1680,0,0,1,0,0,0,0,0,0,0,1,0,1,0
"77","STRM03-OCC-013","3/19/2023","STRM03","Stream 03","STRM03-1-4",1,"R",15,14,0,51,27,100,0,0,0,0,0,0,3,210,0,0,0,0,0,0,1,0,0,0,0,1,1,0
"78","STRM03-OCC-014","3/19/2023","STRM03","Stream 03","STRM03-1-4",1,"R",25,18,0,58,27,0,0,50,0,50,0,0,15,450,0,0,0,0,0,1,0,0,0,0,1,0,1,0
"79","STRM03-OCC-015","3/19/2023","STRM03","Stream 03","STRM03-1-4",1,"R",31,17,9,42,17,50,50,0,0,0,0,0,0,527,0,0,0,0,1,0,0,0,0,0,1,0,1,0
"80","STRM03-OCC-016","3/19/2023","STRM03","Stream 03","STRM03-1-4",1,"R",25,19,0,52,10,75,20,5,0,0,0,0,3,475,0,0,0,0,1,0,0,0,0,0,1,0,1,0
"81","STRM03-OCC-017","3/19/2023","STRM03","Stream 03","STRM03-1-5",1,"R",31,29,0,47,18,75,0,25,0,0,0,0,7,899,0,0,0,0,0,0,1,0,0,0,0,1,1,0
"82","STRM03-OCC-018","3/19/2023","STRM03","Stream 03","STRM03-1-5",1,"R",16,14,0,55,12,5,0,30,60,5,0,0,4,224,0,0,0,0,1,0,0,0,0,0,1,0,1,0
"83","STRM03-OCC-019","3/19/2023","STRM03","Stream 03","STRM03-1-2",1,"R",23,13,0,51,29,0,50,0,0,50,0,0,5,299,0,0,1,0,0,0,0,0,0,0,1,0,1,0
"84","STRM03-OCC-020","3/19/2023","STRM03","Stream 03","STRM03-1-1",0,"R",44,29,61,175,100,0,100,0,0,0,0,0,0,1276,0,0,2,0,0,0,0,0,0,1,3,0,3,0
"85","STRM03-VAC-001","3/19/2023","STRM03","Stream 03","STRM03-1-1",0,"R",16,10,0,NA,NA,10,10,20,50,10,0,0,2,160,0,0,0,0,0,0,0,NA,0,0,0,0,0,0
"86","STRM03-VAC-002","3/19/2023","STRM03","Stream 03","STRM03-1-1",0,"R",17,10,0,NA,NA,0,0,20,80,0,0,0,4,170,0,0,0,0,0,0,0,NA,0,0,0,0,0,0
"87","STRM03-VAC-003","3/19/2023","STRM03","Stream 03","STRM03-1-1",0,"R",20,15,0,NA,NA,30,10,20,20,20,0,0,3,300,0,0,0,0,0,0,0,NA,0,0,0,0,0,0
"88","STRM03-VAC-004","3/19/2023","STRM03","Stream 03","STRM03-1-1",0,"R",21,13,0,NA,NA,10,15,15,20,40,0,0,1,273,0,0,0,0,0,0,0,NA,0,0,0,0,0,0
"89","STRM03-VAC-005","3/19/2023","STRM03","Stream 03","STRM03-1-1",0,"R",26,22,23,NA,NA,0,100,0,0,0,0,0,0,572,0,0,0,0,0,0,0,NA,0,0,0,0,0,0
"90","STRM03-VAC-006","3/19/2023","STRM03","Stream 03","STRM03-1-1",1,"R",23,16,0,NA,NA,45,0,0,5,50,0,0,3,368,0,0,0,0,0,0,0,NA,0,0,0,0,0,0
"91","STRM03-VAC-007","3/19/2023","STRM03","Stream 03","STRM03-1-2",0,"R",12,12,0,NA,NA,0,35,0,65,0,0,0,5,144,0,0,0,0,0,0,0,NA,0,0,0,0,0,0
"92","STRM03-VAC-008","3/19/2023","STRM03","Stream 03","STRM03-1-3",0,"R",33,25,0,NA,NA,40,0,0,0,60,0,0,1,825,0,0,0,0,0,0,0,NA,0,0,0,0,0,0
"93","STRM03-VAC-009","3/19/2023","STRM03","Stream 03","STRM03-1-3",0,"L",36,21,2,NA,NA,0,0,0,0,100,0,0,0,756,0,0,0,0,0,0,0,NA,0,0,0,0,0,0
"94","STRM03-VAC-010","3/19/2023","STRM03","Stream 03","STRM03-1-3",0,"R",28,15,40,NA,NA,50,0,0,0,50,0,0,0,420,0,0,0,0,0,0,0,NA,0,0,0,0,0,0
"95","STRM03-VAC-011","3/19/2023","STRM03","Stream 03","STRM03-1-3",0,"R",22,18,84,NA,NA,0,100,0,0,0,0,0,0,396,0,0,0,0,0,0,0,NA,0,0,0,0,0,0
"96","STRM03-VAC-012","3/19/2023","STRM03","Stream 03","STRM03-1-4",0,"R",16,9,25,NA,NA,50,50,0,0,0,0,0,0,144,0,0,0,0,0,0,0,NA,0,0,0,0,0,0
"97","STRM03-VAC-013","3/19/2023","STRM03","Stream 03","STRM03-1-4",0,"R",9,7,18,NA,NA,50,50,0,0,0,0,0,0,63,0,0,0,0,0,0,0,NA,0,0,0,0,0,0
"98","STRM03-VAC-014","3/19/2023","STRM03","Stream 03","STRM03-1-4",0,"R",19,12,0,NA,NA,30,0,0,40,30,0,0,5,228,0,0,0,0,0,0,0,NA,0,0,0,0,0,0
"99","STRM03-VAC-015","3/19/2023","STRM03","Stream 03","STRM03-1-4",0,"R",17,16,36,NA,NA,100,0,0,0,0,0,0,0,272,0,0,0,0,0,0,0,NA,0,0,0,0,0,0
"100","STRM03-VAC-016","3/19/2023","STRM03","Stream 03","STRM03-1-4",0,"R",26,19,0,NA,NA,50,15,0,0,35,0,0,8,494,0,0,0,0,0,0,0,NA,0,0,0,0,0,0
"101","STRM03-VAC-017","3/19/2023","STRM03","Stream 03","STRM03-1-5",0,"R",22,13,50,NA,NA,15,85,0,0,0,0,0,0,286,0,0,0,0,0,0,0,NA,0,0,0,0,0,0
"102","STRM03-VAC-018","3/19/2023","STRM03","Stream 03","STRM03-1-5",0,"R",30,20,0,NA,NA,0,40,10,0,50,0,0,2,600,0,0,0,0,0,0,0,NA,0,0,0,0,0,0
"103","STRM03-VAC-019","3/19/2023","STRM03","Stream 03","STRM03-1-2",0,"R",32,30,79,NA,NA,0,50,0,0,50,0,0,0,960,0,0,0,0,0,0,0,NA,0,0,0,0,0,0
"104","STRM03-VAC-020","3/19/2023","STRM03","Stream 03","STRM03-1-1",0,"R",20,17,0,NA,NA,50,50,0,0,0,0,0,2,340,0,0,0,0,0,0,0,NA,0,0,0,0,0,0
"105","STRM04-OCC-001","4/5/2023","STRM04","Stream 04","STRM04-1-1",1,"L",19,9,0,45,9,10,10,20,10,50,0,0,0.5,171,0,0,0,0,1,0,0,0,0,0,1,0,1,0
"106","STRM04-OCC-002","4/5/2023","STRM04","Stream 04","STRM04-1-2",1,"R",15,10,0,11,10,45,0,5,35,15,0,0,0.01,150,0,0,0,0,1,0,0,0,0,0,1,0,1,0
"107","STRM04-OCC-003","4/5/2023","STRM04","Stream 04","STRM04-1-2",1,"R",12,10,0,11,8,5,5,0,10,70,5,5,0.5,120,0,0,0,0,1,0,0,0,0,0,1,0,1,0
"108","STRM04-OCC-004","4/5/2023","STRM04","Stream 04","STRM04-1-3",1,"R",13,6,8,74,10,0,10,0,30,50,10,0,0,78,0,0,1,0,0,0,0,0,0,0,1,0,1,0
"109","STRM04-OCC-005","4/5/2023","STRM04","Stream 04","STRM04-1-3",1,"R",33,30,0,74,17,0,0,25,0,75,0,0,0.5,990,0,0,0,0,1,0,0,0,0,0,1,0,1,0
"110","STRM04-OCC-006","4/5/2023","STRM04","Stream 04","STRM04-1-4",1,"L",20,16,13,55,13,0,0,10,0,90,0,0,0,320,0,0,0,0,1,0,0,0,0,0,1,0,1,0
"111","STRM04-OCC-007","4/5/2023","STRM04","Stream 04","STRM04-1-4",1,"R",16,12,0,55,16,30,0,30,5,35,0,0,0.1,192,0,0,0,0,1,0,0,0,0,0,1,0,1,0
"112","STRM04-OCC-008","4/5/2023","STRM04","Stream 04","STRM04-1-4",1,"R",11,7,0,16,9,0,0,0,10,85,5,0,1,77,0,0,1,0,0,0,0,0,0,0,1,0,1,0
"113","STRM04-OCC-009","4/5/2023","STRM04","Stream 04","STRM04-1-4",1,"R",20,9,0,16,12,0,0,20,30,40,10,0,2,180,0,1,0,0,0,0,0,0,0,0,1,0,1,1
"114","STRM04-OCC-010","4/5/2023","STRM04","Stream 04","STRM04-1-4",1,"R",8,6,0,25,9,5,5,5,5,70,10,0,0.1,48,0,0,0,0,1,0,0,0,0,0,1,0,1,0
"115","STRM04-OCC-011","4/5/2023","STRM04","Stream 04","STRM04-1-4",1,"R",17,11,0,24,15,0,20,0,0,75,5,0,1,187,0,0,0,0,1,0,0,0,0,0,1,0,1,0
"116","STRM04-OCC-012","4/5/2023","STRM04","Stream 04","STRM04-1-5",1,"R",16,7,0,100,10,0,5,0,10,75,10,0,1,112,0,0,0,0,1,0,0,0,0,0,1,0,1,0
"117","STRM04-OCC-013","4/5/2023","STRM04","Stream 04","STRM04-1-5",1,"R",13,7,10,81,12,5,0,0,5,80,10,0,0,91,0,0,0,0,1,0,0,0,0,0,1,0,1,0
"118","STRM04-OCC-014","4/5/2023","STRM04","Stream 04","STRM04-1-5",1,"R",9,4.5,0,38,9,5,0,5,35,50,5,0,1.5,40.5,0,0,1,0,0,0,0,0,0,0,1,0,1,0
"119","STRM04-OCC-015","4/5/2023","STRM04","Stream 04","STRM04-1-5",1,"R",11,5,0,31,10,5,0,5,0,85,5,0,0.5,55,0,1,0,0,0,0,0,0,0,0,1,0,1,1
"120","STRM04-OCC-016","4/5/2023","STRM04","Stream 04","STRM04-1-5",1,"B",NA,NA,16,57,14,0,5,0,22.5,70,2.5,0,0,NA,0,1,0,0,0,0,0,0,0,0,1,0,1,1
"121","STRM04-VAC-001","4/5/2023","STRM04","Stream 04","STRM04-1-1",0,"R",5,5,11,NA,NA,0,35,0,10,50,0,5,0,25,0,0,0,0,0,0,0,NA,0,0,0,0,0,0
"122","STRM04-VAC-002","4/5/2023","STRM04","Stream 04","STRM04-1-2",0,"R",9,3.5,5,NA,NA,2.5,2.5,0,30,65,0,0,0,31.5,0,0,0,0,0,0,0,NA,0,0,0,0,0,0
"123","STRM04-VAC-003","4/5/2023","STRM04","Stream 04","STRM04-1-2",0,"R",11,9,0,NA,NA,15,10,0,40,25,10,0,1,99,0,0,0,0,0,0,0,NA,0,0,0,0,0,0
"124","STRM04-VAC-004","4/5/2023","STRM04","Stream 04","STRM04-1-3",0,"R",7.5,5.5,0,NA,NA,10,0,0,45,45,0,0,1,41.25,0,0,0,0,0,0,0,NA,0,0,0,0,0,0
"125","STRM04-VAC-005","4/5/2023","STRM04","Stream 04","STRM04-1-3",0,"R",18,8,0,NA,NA,0,5,5,0,80,10,0,0.1,144,0,0,0,0,0,0,0,NA,0,0,0,0,0,0
"126","STRM04-VAC-006","4/5/2023","STRM04","Stream 04","STRM04-1-4",0,"R",8,4,15,NA,NA,5,0,10,30,45,10,0,0,32,0,0,0,0,0,0,0,NA,0,0,0,0,0,0
"127","STRM04-VAC-007","4/5/2023","STRM04","Stream 04","STRM04-1-4",0,"R",9,4,0,NA,NA,10,0,0,10,75,5,0,1.5,36,0,0,0,0,0,0,0,NA,0,0,0,0,0,0
"128","STRM04-VAC-008","4/5/2023","STRM04","Stream 04","STRM04-1-4",0,"R",1,6,6,NA,NA,0,0,0,30,65,5,0,0,6,0,0,0,0,0,0,0,NA,0,0,0,0,0,0
"129","STRM04-VAC-009","4/5/2023","STRM04","Stream 04","STRM04-1-4",0,"R",12,9,0,NA,NA,20,5,0,5,60,10,0,1.5,108,0,0,0,0,0,0,0,NA,0,0,0,0,0,0
"130","STRM04-VAC-010","4/5/2023","STRM04","Stream 04","STRM04-1-4",0,"L",19,13,0,NA,NA,0,0,0,0,95,5,0,1,247,0,0,0,0,0,0,0,NA,0,0,0,0,0,0
"131","STRM04-VAC-011","4/5/2023","STRM04","Stream 04","STRM04-1-4",0,"L",16,8,14,NA,NA,0,0,0,20,75,5,0,0,128,0,0,0,0,0,0,0,NA,0,0,0,0,0,0
"132","STRM04-VAC-012","4/5/2023","STRM04","Stream 04","STRM04-1-5",0,"R",11,10,0,NA,NA,0,5,0,10,75,10,0,0.1,110,0,0,0,0,0,0,0,NA,0,0,0,0,0,0
"133","STRM04-VAC-013","4/5/2023","STRM04","Stream 04","STRM04-1-5",0,"R",8,7,0,NA,NA,5,0,0,25,65,5,0,1,56,0,0,0,0,0,0,0,NA,0,0,0,0,0,0
"134","STRM04-VAC-014","4/5/2023","STRM04","Stream 04","STRM04-1-5",0,"R",11,8,0,NA,NA,20,0,25,5,45,5,0,1.5,88,0,0,0,0,0,0,0,NA,0,0,0,0,0,0
"135","STRM04-VAC-015","4/5/2023","STRM04","Stream 04","STRM04-1-5",0,"R",11,5,0,NA,NA,2.5,0,2.5,10,80,5,0,0.1,55,0,0,0,0,0,0,0,NA,0,0,0,0,0,0
"136","STRM04-VAC-016","4/5/2023","STRM04","Stream 04","STRM04-1-5",0,"R",8.5,6,0,NA,NA,0,0,5,35,55,5,0,0.1,51,0,0,0,0,0,0,0,NA,0,0,0,0,0,0
"137","STRM05-OCC-001","4/7/2023","STRM05","Stream 05","STRM05-1-1",1,"W",92,12,0,160,14,5,45,0,0,50,0,0,2.5,1104,0,0,0,0,2,0,0,0,0,0,2,0,2,0
"138","STRM05-OCC-002","4/7/2023","STRM05","Stream 05","STRM05-1-1",1,"R",10.5,7,0,160,11,80,0,10,0,10,0,0,5,73.5,0,0,1,0,0,0,0,0,0,0,1,0,1,0
"139","STRM05-OCC-003","4/7/2023","STRM05","Stream 05","STRM05-1-2",1,"R",12,10,26,105,14,30,0,40,10,20,0,0,0,120,0,0,0,0,1,0,0,0,0,0,1,0,1,0
"140","STRM05-OCC-004","4/7/2023","STRM05","Stream 05","STRM05-1-2",1,"L",18,12,12,79,10,0,0,0,15,85,0,0,0,216,0,0,0,0,2,0,0,0,0,0,2,0,2,0
"141","STRM05-OCC-005","4/7/2023","STRM05","Stream 05","STRM05-1-3",1,"R",12,8,0,67,13,10,5,80,0,5,0,0,1.5,96,0,0,1,0,0,0,0,0,0,0,1,0,1,0
"142","STRM05-OCC-006","4/7/2023","STRM05","Stream 05","STRM05-1-3",1,"R",19,8,0,67,7,35,0,10,30,25,0,0,3,152,0,0,0,0,1,0,0,0,0,0,1,0,1,0
"143","STRM05-OCC-007","4/7/2023","STRM05","Stream 05","STRM05-1-4",1,"R",11,9,0,23,8,45,10,30,10,0,5,0,7.5,99,0,0,0,0,0,0,1,0,0,0,0,1,1,0
"144","STRM05-OCC-008","4/7/2023","STRM05","Stream 05","STRM05-1-4",1,"L",17,6,0,23,10,5,10,0,20,60,5,0,7,102,0,0,1,0,0,0,0,0,0,0,1,0,1,0
"145","STRM05-OCC-009","4/7/2023","STRM05","Stream 05","STRM05-1-5",1,"R",16,14,0,32,13,15,0,80,5,0,0,0,4.5,224,0,0,1,0,0,0,0,0,0,0,1,0,1,0
"146","STRM05-OCC-010","4/7/2023","STRM05","Stream 05","STRM05-1-5",1,"O",NA,NA,0,NA,NA,10,0,60,15,5,10,0,9,NA,0,0,0,0,0,0,1,0,0,0,0,1,1,0
"147","STRM05-OCC-011","4/7/2023","STRM05","Stream 05","STRM05-1-5",1,"L",40,24,16,95,13,5,0,0,0,85,10,0,0,960,0,0,1,0,0,0,0,0,0,0,1,0,1,0
"148","STRM05-OCC-012","4/7/2023","STRM05","Stream 05","STRM05-1-5",1,"R",22,18,0,94,15,75,0,5,15,5,0,0,4,396,0,0,0,0,0,0,1,0,0,0,0,1,1,0
"149","STRM05-VAC-001","4/7/2023","STRM05","Stream 05","STRM05-1-1",0,"R",12,7.5,20,NA,NA,70,0,25,0,5,0,0,0,90,0,0,0,0,0,0,0,NA,0,0,0,0,0,0
"150","STRM05-VAC-002","4/7/2023","STRM05","Stream 05","STRM05-1-1",0,"R",11,8,0,NA,NA,75,0,10,0,15,0,0,4,88,0,0,0,0,0,0,0,NA,0,0,0,0,0,0
"151","STRM05-VAC-003","4/7/2023","STRM05","Stream 05","STRM05-1-2",0,"R",9,5,16,NA,NA,10,0,55,15,20,0,0,0,45,0,0,0,0,0,0,0,NA,0,0,0,0,0,0
"152","STRM05-VAC-004","4/7/2023","STRM05","Stream 05","STRM05-1-2",0,"R",7,6,9,NA,NA,60,5,10,0,20,5,0,0,42,0,0,0,0,0,0,0,NA,0,0,0,0,0,0
"153","STRM05-VAC-005","4/7/2023","STRM05","Stream 05","STRM05-1-3",0,"R",8,6,0,NA,NA,25,5,35,15,20,0,0,4,48,0,0,0,0,0,0,0,NA,0,0,0,0,0,0
"154","STRM05-VAC-006","4/7/2023","STRM05","Stream 05","STRM05-1-3",0,"R",7.5,5,0,NA,NA,60,0,10,10,20,0,0,1,37.5,0,0,0,0,0,0,0,NA,0,0,0,0,0,0
"155","STRM05-VAC-007","4/7/2023","STRM05","Stream 05","STRM05-1-4",0,"R",11,4,0,NA,NA,65,10,5,20,0,0,0,5,44,0,0,0,0,0,0,0,NA,0,0,0,0,0,0
"156","STRM05-VAC-008","4/7/2023","STRM05","Stream 05","STRM05-1-4",0,"R",12,8,0,NA,NA,25,0,25,0,45,5,0,10,96,0,0,0,0,0,0,0,NA,0,0,0,0,0,0
"157","STRM05-VAC-009","4/7/2023","STRM05","Stream 05","STRM05-1-5",0,"R",9,9,0,NA,NA,75,10,0,0,5,10,0,4,81,0,0,0,0,0,0,0,NA,0,0,0,0,0,0
"158","STRM05-VAC-010","4/7/2023","STRM05","Stream 05","STRM05-1-5",0,"O",NA,NA,0,NA,NA,30,5,65,0,0,0,0,2,NA,0,0,0,0,0,0,0,NA,0,0,0,0,0,0
"159","STRM05-VAC-011","4/7/2023","STRM05","Stream 05","STRM05-1-5",0,"R",17,14,0,NA,NA,0,0,75,0,20,5,0,2,238,0,0,0,0,0,0,0,NA,0,0,0,0,0,0
"160","STRM05-VAC-012","4/7/2023","STRM05","Stream 05","STRM05-1-5",0,"R",16,10,0,NA,NA,20,0,5,60,15,0,0,3,160,0,0,0,0,0,0,0,NA,0,0,0,0,0,0
"161","STRM06-OCC-001","4/9/2023","STRM06","Stream 06","STRM06-1-1",1,"R",22,13,64,46,24,70,0,10,5,5,0,10,0,286,0,0,0,0,1,0,0,0,0,0,1,0,1,0
"162","STRM06-OCC-002","4/9/2023","STRM06","Stream 06","STRM06-1-1",1,"R",22,14,49,46,12,35,30,5,30,0,0,0,0,308,0,0,0,0,1,0,0,0,0,0,1,0,1,0
"163","STRM06-OCC-003","4/9/2023","STRM06","Stream 06","STRM06-1-2",1,"R",18,14,0,26,11,15,0,15,65,5,0,0,4.5,252,0,0,0,0,0,0,1,0,0,0,0,1,1,0
"164","STRM06-OCC-004","4/9/2023","STRM06","Stream 06","STRM06-1-2",1,"R",15,7,0,26,11,0,0,20,80,0,0,0,2,105,0,0,0,0,0,0,1,0,0,0,0,1,1,0
"165","STRM06-OCC-005","4/9/2023","STRM06","Stream 06","STRM06-1-2",1,"R",18,14,0,NA,NA,30,0,30,40,0,0,0,4,252,0,0,0,0,0,0,1,0,0,0,0,1,1,0
"166","STRM06-OCC-006","4/9/2023","STRM06","Stream 06","STRM06-1-2",1,"R",17,14,0,32,21,20,0,60,5,15,0,0,1.5,238,0,0,1,0,0,0,0,0,0,0,1,0,1,0
"167","STRM06-OCC-007","4/9/2023","STRM06","Stream 06","STRM06-1-2",1,"R",21,21,0,24,9,30,5,30,20,15,0,0,4,441,0,1,0,0,0,0,0,0,0,0,1,0,1,1
"168","STRM06-OCC-008","4/9/2023","STRM06","Stream 06","STRM06-1-3",1,"R",24,14,0,78,11,10,20,5,45,20,0,0,3,336,0,0,0,0,1,0,0,0,0,0,1,0,1,0
"169","STRM06-OCC-009","4/9/2023","STRM06","Stream 06","STRM06-1-3",1,"R",15,12,0,74,10,0,15,50,30,5,0,0,4,180,0,0,0,0,1,0,0,0,0,0,1,0,1,0
"170","STRM06-OCC-010","4/9/2023","STRM06","Stream 06","STRM06-1-3",1,"R",38,19,0,77,12,30,5,40,10,15,0,0,9,722,0,0,0,0,0,0,1,0,0,0,0,1,1,0
"171","STRM06-OCC-011","4/9/2023","STRM06","Stream 06","STRM06-1-4",1,"R",21,14,0,59,18,40,30,5,10,15,0,0,10,294,0,0,0,0,0,1,0,0,0,0,1,0,1,0
"172","STRM06-OCC-012","4/9/2023","STRM06","Stream 06","STRM06-1-4",1,"R",30,9,0,59,14,20,5,50,15,5,0,5,8,270,0,0,0,0,0,0,1,0,0,0,0,1,1,0
"173","STRM06-OCC-013","4/9/2023","STRM06","Stream 06","STRM06-1-4",1,"R",10,8,0,24,5,15,0,50,32.5,0,0,2.5,2,80,0,0,0,0,0,0,1,0,0,0,0,1,1,0
"174","STRM06-OCC-014","4/9/2023","STRM06","Stream 06","STRM06-1-4",1,"R",11,6,0,24,6,35,0,15,45,5,0,0,1,66,0,0,1,0,0,0,0,0,0,0,1,0,1,0
"175","STRM06-OCC-015","4/9/2023","STRM06","Stream 06","STRM06-1-4",1,"R",28,24,0,19,18,25,5,0,70,0,0,0,11,672,0,0,0,0,0,0,1,0,0,0,0,1,1,0
"176","STRM06-OCC-016","4/9/2023","STRM06","Stream 06","STRM06-1-4",1,"R",24,17,0,24,16,0,0,50,45,5,0,0,12,408,0,0,0,0,0,0,2,0,0,0,0,2,2,0
"177","STRM06-OCC-017","4/9/2023","STRM06","Stream 06","STRM06-1-5",1,"R",28,21,0,44,21,35,0,30,35,0,0,0,11,588,0,0,0,0,0,0,1,0,0,0,0,1,1,0
"178","STRM06-OCC-018","4/9/2023","STRM06","Stream 06","STRM06-1-5",1,"R",24,6,0,44,7,5,0,50,45,0,0,0,8,144,0,0,0,0,0,0,1,0,0,0,0,1,1,0
"179","STRM06-OCC-019","4/9/2023","STRM06","Stream 06","STRM06-1-5",1,"R",26,24,6,46,11,0,20,0,50,15,0,15,0,624,0,0,0,0,1,0,0,0,0,0,1,0,1,0
"180","STRM06-OCC-020","4/9/2023","STRM06","Stream 06","STRM06-1-5",1,"R",17,13,0,44,14,50,0,15,30,0,5,0,2,221,0,0,0,0,0,0,1,0,0,0,0,1,1,0
"181","STRM06-OCC-021","4/9/2023","STRM06","Stream 06","STRM06-1-5",1,"R",15,11,0,43,13,60,0,10,25,5,0,0,6,165,0,0,0,0,0,0,1,0,0,0,0,1,1,0
"182","STRM06-OCC-022","4/9/2023","STRM06","Stream 06","STRM06-1-5",1,"R",21,12,0,130,8,35,10,35,15,5,0,0,3,252,0,0,0,0,0,0,1,0,0,0,0,1,1,0
"183","STRM06-OCC-023","4/9/2023","STRM06","Stream 06","STRM06-1-5",1,"R",29,17,0,58,14,10,10,50,30,0,0,0,8,493,0,0,0,0,0,0,1,0,0,0,0,1,1,0
"184","STRM06-OCC-024","4/9/2023","STRM06","Stream 06","STRM06-1-5",1,"R",24,11,0,26,16,25,0,30,25,5,0,15,0.1,264,0,0,0,0,1,0,0,0,0,0,1,0,1,0
"185","STRM06-OCC-025","4/9/2023","STRM06","Stream 06","STRM06-1-5",1,"R",23,11,0,26,7,0,10,0,70,20,0,0,8,253,0,0,0,0,0,0,1,0,0,0,0,1,1,0
"186","STRM06-VAC-001","4/9/2023","STRM06","Stream 06","STRM06-1-1",0,"R",14,11,82,NA,NA,10,40,5,20,5,0,20,0,154,0,0,0,0,0,0,0,NA,0,0,0,0,0,0
"187","STRM06-VAC-002","4/9/2023","STRM06","Stream 06","STRM06-1-1",0,"R",8,6,67,NA,NA,20,5,15,15,5,0,40,0,48,0,0,0,0,0,0,0,NA,0,0,0,0,0,0
"188","STRM06-VAC-003","4/9/2023","STRM06","Stream 06","STRM06-1-2",0,"R",10,6,0,NA,NA,0,0,45,55,0,0,0,5.5,60,0,0,0,0,0,0,0,NA,0,0,0,0,0,0
"189","STRM06-VAC-004","4/9/2023","STRM06","Stream 06","STRM06-1-2",0,"R",9,7,0,NA,NA,0,0,20,75,5,0,0,2,63,0,0,0,0,0,0,0,NA,0,0,0,0,0,0
"190","STRM06-VAC-005","4/9/2023","STRM06","Stream 06","STRM06-1-2",0,"R",14,9,0,NA,NA,40,15,25,20,0,0,0,6,126,0,0,0,0,0,0,0,NA,0,0,0,0,0,0
"191","STRM06-VAC-006","4/9/2023","STRM06","Stream 06","STRM06-1-2",0,"R",14,6,0,NA,NA,20,10,15,45,10,0,0,4,84,0,0,0,0,0,0,0,NA,0,0,0,0,0,0
"192","STRM06-VAC-007","4/9/2023","STRM06","Stream 06","STRM06-1-2",0,"R",12,12,0,NA,NA,60,0,35,5,0,0,0,5,144,0,0,0,0,0,0,0,NA,0,0,0,0,0,0
"193","STRM06-VAC-008","4/9/2023","STRM06","Stream 06","STRM06-1-2",0,"R",8,7,0,NA,NA,60,10,10,10,10,0,0,4,56,0,0,0,0,0,0,0,NA,0,0,0,0,0,0
"194","STRM06-VAC-009","4/9/2023","STRM06","Stream 06","STRM06-1-3",0,"R",11,8,0,NA,NA,25,30,10,35,0,0,0,7,88,0,0,0,0,0,0,0,NA,0,0,0,0,0,0
"195","STRM06-VAC-010","4/9/2023","STRM06","Stream 06","STRM06-1-3",0,"R",22,11,0,NA,NA,45,0,50,0,5,0,0,10,242,0,0,0,0,0,0,0,NA,0,0,0,0,0,0
"196","STRM06-VAC-011","4/9/2023","STRM06","Stream 06","STRM06-1-4",0,"R",14,7,32,NA,NA,55,0,45,0,0,0,0,0,98,0,0,0,0,0,0,0,NA,0,0,0,0,0,0
"197","STRM06-VAC-012","4/9/2023","STRM06","Stream 06","STRM06-1-4",0,"R",10,7,0,NA,NA,30,0,55,15,0,0,0,0.1,70,0,0,0,0,0,0,0,NA,0,0,0,0,0,0
"198","STRM06-VAC-013","4/9/2023","STRM06","Stream 06","STRM06-1-4",0,"R",18,8,0,NA,NA,25,0,15,55,5,0,0,2,144,0,0,0,0,0,0,0,NA,0,0,0,0,0,0
"199","STRM06-VAC-014","4/9/2023","STRM06","Stream 06","STRM06-1-4",0,"R",10,9,0,NA,NA,60,0,0,40,0,0,0,8,90,0,0,0,0,0,0,0,NA,0,0,0,0,0,0
"200","STRM06-VAC-015","4/9/2023","STRM06","Stream 06","STRM06-1-4",0,"R",9,6,0,NA,NA,20,0,15,65,0,0,0,8,54,0,0,0,0,0,0,0,NA,0,0,0,0,0,0
"201","STRM06-VAC-016","4/9/2023","STRM06","Stream 06","STRM06-1-5",0,"R",20,14,0,NA,NA,20,10,20,45,5,0,0,3,280,0,0,0,0,0,0,0,NA,0,0,0,0,0,0
"202","STRM06-VAC-017","4/9/2023","STRM06","Stream 06","STRM06-1-5",0,"R",23,9,0,NA,NA,35,0,35,30,0,0,0,6,207,0,0,0,0,0,0,0,NA,0,0,0,0,0,0
"203","STRM06-VAC-018","4/9/2023","STRM06","Stream 06","STRM06-1-5",0,"R",19,19,0,NA,NA,45,0,45,10,0,0,0,7,361,0,0,0,0,0,0,0,NA,0,0,0,0,0,0
"204","STRM06-VAC-019","4/9/2023","STRM06","Stream 06","STRM06-1-5",0,"R",7,6,0,NA,NA,5,80,0,15,0,0,0,1.5,42,0,0,0,0,0,0,0,NA,0,0,0,0,0,0
"205","STRM06-VAC-020","4/9/2023","STRM06","Stream 06","STRM06-1-5",0,"R",34,21,0,NA,NA,85,0,15,0,0,0,0,5,714,0,0,0,0,0,0,0,NA,0,0,0,0,0,0
"206","STRM06-VAC-021","4/9/2023","STRM06","Stream 06","STRM06-1-5",0,"R",16,11,0,NA,NA,50,0,30,20,0,0,0,6,176,0,0,0,0,0,0,0,NA,0,0,0,0,0,0
"207","STRM06-VAC-022","4/9/2023","STRM06","Stream 06","STRM06-1-5",0,"R",19,18,0,NA,NA,15,20,5,40,10,10,0,0.1,342,0,0,0,0,0,0,0,NA,0,0,0,0,0,0
"208","STRM06-VAC-023","4/9/2023","STRM06","Stream 06","STRM06-1-5",0,"R",26,19,0,NA,NA,25,0,25,50,0,0,0,8.5,494,0,0,0,0,0,0,0,NA,0,0,0,0,0,0
"209","STRM06-VAC-024","4/9/2023","STRM06","Stream 06","STRM06-1-5",0,"R",11.5,5,8,NA,NA,30,0,30,30,0,0,10,0,57.5,0,0,0,0,0,0,0,NA,0,0,0,0,0,0
"210","STRM06-VAC-025","4/9/2023","STRM06","Stream 06","STRM06-1-5",0,"R",18,10,0,NA,NA,35,10,35,20,0,0,0,3,180,0,0,0,0,0,0,0,NA,0,0,0,0,0,0
"211","STRM07-OCC-001","4/12/2023","STRM07","Stream 07","STRM07-1-1",1,"W",74,17,0,62,9,0,10,0,55,20,15,0,5,1258,1,0,0,0,0,0,0,0,0,0,1,0,1,0
"212","STRM07-OCC-002","4/12/2023","STRM07","Stream 07","STRM07-1-1",1,"R",28,12,0,62,15,0,10,50,40,0,0,0,3,336,0,1,0,0,0,0,0,0,0,0,1,0,1,1
"213","STRM07-OCC-004","4/12/2023","STRM07","Stream 07","STRM07-1-1",1,"R",11,8,0,20,8,40,0,35,20,5,0,0,1.5,88,0,0,0,1,0,0,0,0,0,0,0,1,1,0
"214","STRM07-OCC-005","4/12/2023","STRM07","Stream 07","STRM07-1-1",1,"R",10,7,15,33,11,0,20,0,70,10,0,0,0,70,0,1,0,0,0,0,0,0,0,0,1,0,1,1
"215","STRM07-OCC-006","4/12/2023","STRM07","Stream 07","STRM07-1-1",1,"R",25,25,0,39,22,65,15,0,20,0,0,0,4,625,0,0,0,0,1,0,0,0,0,0,1,0,1,0
"216","STRM07-OCC-007","4/12/2023","STRM07","Stream 07","STRM07-1-1",1,"O",NA,NA,0,NA,NA,20,35,5,35,5,0,0,4.5,NA,0,0,0,1,0,0,0,0,0,0,0,1,1,0
"217","STRM07-OCC-008","4/12/2023","STRM07","Stream 07","STRM07-1-1",1,"B",NA,NA,54,16,26,0,0,0,0,100,0,0,0,NA,0,0,0,0,0,1,0,0,0,0,1,0,1,0
"218","STRM07-OCC-009","4/12/2023","STRM07","Stream 07","STRM07-1-1",1,"R",30,10,43,19,46,0,75,0,5,20,0,0,0,300,0,1,0,0,0,0,0,0,0,0,1,0,1,1
"219","STRM07-OCC-010","4/12/2023","STRM07","Stream 07","STRM07-1-1",1,"R",47,46,35,19,36,0,90,0,0,10,0,0,0,2162,0,0,0,2,0,0,0,0,0,0,0,2,2,0
"220","STRM07-OCC-011","4/12/2023","STRM07","Stream 07","STRM07-1-2",1,"R",14,9,0,32,12,0,40,0,0,55,5,0,4,126,0,0,0,1,0,0,0,0,0,0,0,1,1,0
"221","STRM07-OCC-012","4/12/2023","STRM07","Stream 07","STRM07-1-2",1,"R",46,33,0,39,31,0,45,0,10,45,0,0,2,1518,0,2,0,0,0,0,0,0,0,0,2,0,2,1
"222","STRM07-OCC-013","4/12/2023","STRM07","Stream 07","STRM07-1-3",1,"L",31,12,0,86,7,0,0,0,35,30,35,0,0.1,372,0,0,0,0,1,0,0,0,0,0,1,0,1,0
"223","STRM07-OCC-014","4/12/2023","STRM07","Stream 07","STRM07-1-3",1,"R",19,10,12,85,9,0,20,5,60,5,10,0,0,190,0,0,0,0,1,0,0,0,0,0,1,0,1,0
"224","STRM07-OCC-015","4/12/2023","STRM07","Stream 07","STRM07-1-3",1,"R",23,18,0,85,21,20,0,15,20,45,0,0,3,414,0,1,0,0,1,0,0,0,0,0,2,0,2,1
"225","STRM07-OCC-016","4/12/2023","STRM07","Stream 07","STRM07-1-3",1,"R",17,8,0,85,19,0,5,35,40,20,0,0,1,136,0,1,0,0,0,0,0,0,0,0,1,0,1,1
"226","STRM07-OCC-017","4/12/2023","STRM07","Stream 07","STRM07-1-4",1,"R",18,11,21,28,19,35,0,25,25,15,0,0,0,198,0,1,0,0,0,0,0,0,0,0,1,0,1,1
"227","STRM07-OCC-018","4/12/2023","STRM07","Stream 07","STRM07-1-4",1,"R",11,9,36,28,12,15,0,25,45,15,0,0,0,99,0,0,1,0,0,0,0,0,0,0,1,0,1,0
"228","STRM07-OCC-019","4/12/2023","STRM07","Stream 07","STRM07-1-3",1,"W",64,13,8,67,23,0,20,0,0,80,0,0,0,832,0,0,0,0,1,0,0,0,0,0,1,0,1,0
"229","STRM07-OCC-020","4/12/2023","STRM07","Stream 07","STRM07-1-4",1,"R",11,11,7,51,22,0,5,30,65,0,0,0,0,121,0,1,0,0,0,0,0,0,0,0,1,0,1,1
"230","STRM07-OCC-021","4/12/2023","STRM07","Stream 07","STRM07-1-4",1,"R",28,22,0,51,25,0,70,20,10,0,0,0,3,616,0,1,0,0,0,0,0,0,0,0,1,0,1,1
"231","STRM07-OCC-022","4/12/2023","STRM07","Stream 07","STRM07-1-5",1,"R",31,22,0,47,10,0,0,15,75,10,0,0,4,682,0,1,0,0,0,0,0,0,0,0,1,0,1,1
"232","STRM07-OCC-023","4/12/2023","STRM07","Stream 07","STRM07-1-5",1,"R",21,13,36,94,28,0,10,0,0,90,0,0,0,273,0,0,1,0,0,0,0,0,0,0,1,0,1,0
"233","STRM07-OCC-024","4/12/2023","STRM07","Stream 07","STRM07-1-5",1,"R",19,8,0,92,16,40,40,10,0,10,0,0,6,152,0,0,1,0,0,0,0,0,0,0,1,0,1,0
"234","STRM07-OCC-025","4/12/2023","STRM07","Stream 07","STRM07-1-5",1,"R",26,19,0,36,21,10,30,40,15,5,0,0,2,494,0,0,0,0,0,0,1,0,0,0,0,1,1,0
"235","STRM07-OCC-026","4/12/2023","STRM07","Stream 07","STRM07-1-5",1,"R",18,11,0,96,11,70,10,0,20,0,0,0,5,198,0,1,0,0,0,0,0,0,0,0,1,0,1,1
"236","STRM07-OCC-027","4/12/2023","STRM07","Stream 07","STRM07-1-5",1,"B",NA,NA,0,27,7,0,5,20,70,5,0,0,0.5,NA,0,1,0,0,0,0,0,0,0,0,1,0,1,1
"237","STRM07-VAC-001","4/12/2023","STRM07","Stream 07","STRM07-1-1",0,"W",46,6,0,NA,NA,5,10,10,60,15,0,0,0.1,276,0,0,0,0,0,0,0,NA,0,0,0,0,0,0
"238","STRM07-VAC-002","4/12/2023","STRM07","Stream 07","STRM07-1-1",0,"R",8,6,18,NA,NA,15,15,0,35,35,0,0,0,48,0,0,0,0,0,0,0,NA,0,0,0,0,0,0
"239","STRM07-VAC-004","4/12/2023","STRM07","Stream 07","STRM07-1-1",0,"R",21,21,0,NA,NA,45,10,5,15,25,0,0,6,441,0,0,0,0,0,0,0,NA,0,0,0,0,0,0
"240","STRM07-VAC-005","4/12/2023","STRM07","Stream 07","STRM07-1-1",0,"R",21,10,0,NA,NA,5,0,0,90,5,0,0,9,210,0,0,0,0,0,0,0,NA,0,0,0,0,0,0
"241","STRM07-VAC-006","4/12/2023","STRM07","Stream 07","STRM07-1-1",0,"R",25,17,0,NA,NA,45,35,12.5,2.5,5,0,0,3,425,0,0,0,0,0,0,0,NA,0,0,0,0,0,0
"242","STRM07-VAC-008","4/12/2023","STRM07","Stream 07","STRM07-1-1",0,"R",18,16,0,NA,NA,50,20,0,20,10,0,0,5,288,0,0,0,0,0,0,0,NA,0,0,0,0,0,0
"243","STRM07-VAC-009","4/12/2023","STRM07","Stream 07","STRM07-1-1",0,"R",19,18,0,NA,NA,0,10,70,0,0,20,0,6,342,0,0,0,0,0,0,0,NA,0,0,0,0,0,0
"244","STRM07-VAC-010","4/12/2023","STRM07","Stream 07","STRM07-1-1",0,"R",16,8,66,NA,NA,0,25,0,30,30,15,0,0,128,0,0,0,0,0,0,0,NA,0,0,0,0,0,0
"245","STRM07-VAC-011","4/12/2023","STRM07","Stream 07","STRM07-1-2",0,"R",37,16,0,NA,NA,0,65,0,0,35,0,0,4,592,0,0,0,0,0,0,0,NA,0,0,0,0,0,0
"246","STRM07-VAC-012","4/12/2023","STRM07","Stream 07","STRM07-1-2",0,"W",36,16,29,NA,NA,0,10,0,20,50,20,0,0,576,0,0,0,0,0,0,0,NA,0,0,0,0,0,0
"247","STRM07-VAC-013","4/12/2023","STRM07","Stream 07","STRM07-1-3",0,"R",10,8,17,NA,NA,5,5,50,30,10,0,0,0,80,0,0,0,0,0,0,0,NA,0,0,0,0,0,0
"248","STRM07-VAC-014","4/12/2023","STRM07","Stream 07","STRM07-1-3",0,"W",39,5,96,NA,NA,0,25,0,0,75,0,0,0,195,0,0,0,0,0,0,0,NA,0,0,0,0,0,0
"249","STRM07-VAC-015","4/12/2023","STRM07","Stream 07","STRM07-1-3",0,"R",18,7,0,NA,NA,10,0,30,55,0,5,0,0.1,126,0,0,0,0,0,0,0,NA,0,0,0,0,0,0
"250","STRM07-VAC-016","4/12/2023","STRM07","Stream 07","STRM07-1-3",0,"R",12,7,23,NA,NA,10,0,5,60,10,15,0,0,84,0,0,0,0,0,0,0,NA,0,0,0,0,0,0
"251","STRM07-VAC-017","4/12/2023","STRM07","Stream 07","STRM07-1-4",0,"R",16,13,17,NA,NA,15,0,15,45,25,0,0,0,208,0,0,0,0,0,0,0,NA,0,0,0,0,0,0
"252","STRM07-VAC-018","4/12/2023","STRM07","Stream 07","STRM07-1-4",0,"R",5,4,41,NA,NA,0,0,60,5,30,5,0,0,20,0,0,0,0,0,0,0,NA,0,0,0,0,0,0
"253","STRM07-VAC-019","4/12/2023","STRM07","Stream 07","STRM07-1-3",0,"R",22,14,33,NA,NA,5,0,55,35,5,0,0,0,308,0,0,0,0,0,0,0,NA,0,0,0,0,0,0
"254","STRM07-VAC-020","4/12/2023","STRM07","Stream 07","STRM07-1-4",0,"R",15,17,0,NA,NA,0,10,20,65,5,0,0,2,255,0,0,0,0,0,0,0,NA,0,0,0,0,0,0
"255","STRM07-VAC-021","4/12/2023","STRM07","Stream 07","STRM07-1-4",0,"R",11,3,0,NA,NA,10,40,40,10,0,0,0,2,33,0,0,0,0,0,0,0,NA,0,0,0,0,0,0
"256","STRM07-VAC-022","4/12/2023","STRM07","Stream 07","STRM07-1-5",0,"R",23,13,12,NA,NA,0,0,5,95,0,0,0,0,299,0,0,0,0,0,0,0,NA,0,0,0,0,0,0
"257","STRM07-VAC-023","4/12/2023","STRM07","Stream 07","STRM07-1-5",0,"W",54,14,0,NA,NA,15,30,5,0,50,0,0,2,756,0,0,0,0,0,0,0,NA,0,0,0,0,0,0
"258","STRM07-VAC-024","4/12/2023","STRM07","Stream 07","STRM07-1-5",0,"R",21,16,15,NA,NA,5,75,0,0,5,15,0,0,336,0,0,0,0,0,0,0,NA,0,0,0,0,0,0
"259","STRM07-VAC-025","4/12/2023","STRM07","Stream 07","STRM07-1-5",0,"R",10,13,0,NA,NA,0,10,30,60,0,0,0,4,130,0,0,0,0,0,0,0,NA,0,0,0,0,0,0
"260","STRM07-VAC-026","4/12/2023","STRM07","Stream 07","STRM07-1-5",0,"R",21,8,0,NA,NA,0,0,0,55,45,0,0,1,168,0,0,0,0,0,0,0,NA,0,0,0,0,0,0
"261","STRM09-OCC-001","4/16/2023","STRM09","Stream 09","STRM09-1-1",1,"R",24,18,0,98,27,15,50,20,10,5,0,0,8,432,0,0,0,0,0,0,1,0,0,0,0,1,1,0
"262","STRM09-OCC-002","4/16/2023","STRM09","Stream 09","STRM09-1-1",1,"R",28,21,0,43,31,30,10,0,35,25,0,0,5,588,0,0,0,0,0,0,1,0,0,0,0,1,1,0
"263","STRM09-OCC-003","4/16/2023","STRM09","Stream 09","STRM09-1-1",1,"R",25,18,0,43,20,40,0,20,40,0,0,0,5,450,0,0,1,0,0,0,0,0,0,0,1,0,1,0
"264","STRM09-OCC-004","4/16/2023","STRM09","Stream 09","STRM09-1-2",1,"R",11,8,0,103,8,85,0,0,10,5,0,0,4,88,0,0,0,0,0,0,1,0,0,0,0,1,1,0
"265","STRM09-OCC-005","4/16/2023","STRM09","Stream 09","STRM09-1-4",1,"R",18,16,0,29,13,35,5,30,25,5,0,0,7,288,0,0,0,0,0,0,3,0,0,0,0,3,3,0
"266","STRM09-OCC-006","4/16/2023","STRM09","Stream 09","STRM09-1-4",1,"R",10,7,0,51,31,80,0,10,10,0,0,0,8,70,0,0,1,0,0,0,0,0,0,0,1,0,1,0
"267","STRM09-OCC-007","4/16/2023","STRM09","Stream 09","STRM09-1-4",1,"O",NA,NA,0,NA,NA,55,0,5,30,5,5,0,4,NA,0,0,0,0,0,0,1,0,0,0,0,1,1,0
"268","STRM09-OCC-008","4/16/2023","STRM09","Stream 09","STRM09-1-4",1,"R",30,28,0,28,27,60,15,15,10,0,0,0,7,840,0,0,0,0,0,0,1,0,0,0,0,1,1,0
"269","STRM09-OCC-009","4/16/2023","STRM09","Stream 09","STRM09-1-5",1,"O",NA,NA,0,NA,NA,85,10,0,5,0,0,0,2,NA,0,0,0,0,0,0,1,0,0,0,0,1,1,0
"270","STRM09-OCC-010","4/16/2023","STRM09","Stream 09","STRM09-1-5",1,"R",36,28,0,57,22,45,0,15,30,10,0,0,4,1008,0,0,0,0,0,0,2,0,0,0,0,2,2,0
"271","STRM09-OCC-011","4/16/2023","STRM09","Stream 09","STRM09-1-5",1,"R",27,24,0,44,19,30,20,25,15,10,0,0,4,648,0,0,0,0,0,0,1,0,0,0,0,1,1,0
"272","STRM09-OCC-012","4/16/2023","STRM09","Stream 09","STRM09-1-5",1,"R",30,14,0,60,34,50,0,30,20,0,0,0,4,420,0,0,0,0,0,0,1,0,0,0,0,1,1,0
"273","STRM09-OCC-013","4/16/2023","STRM09","Stream 09","STRM09-1-5",1,"R",36,17,0,82,58,75,10,0,15,0,0,0,14,612,0,0,0,0,0,0,1,0,0,0,0,1,1,0
"274","STRM09-OCC-014","4/16/2023","STRM09","Stream 09","STRM09-1-2",1,"O",NA,NA,0,NA,NA,40,20,0,30,10,0,0,5,NA,0,0,0,0,0,0,1,0,0,0,0,1,1,0
"275","STRM09-VAC-001","4/16/2023","STRM09","Stream 09","STRM09-1-1",0,"R",27,15,0,NA,NA,60,10,10,20,0,0,0,9,405,0,0,0,0,0,0,0,NA,0,0,0,0,0,0
"276","STRM09-VAC-002","4/16/2023","STRM09","Stream 09","STRM09-1-1",0,"R",26,14,0,NA,NA,5,20,0,10,55,5,5,0.1,364,0,0,0,0,0,0,0,NA,0,0,0,0,0,0
"277","STRM09-VAC-003","4/16/2023","STRM09","Stream 09","STRM09-1-1",0,"R",14,11,0,NA,NA,90,0,5,5,0,0,0,5,154,0,0,0,0,0,0,0,NA,0,0,0,0,0,0
"278","STRM09-VAC-004","4/16/2023","STRM09","Stream 09","STRM09-1-2",0,"R",18,10,0,NA,NA,75,20,0,5,0,0,0,3,180,0,0,0,0,0,0,0,NA,0,0,0,0,0,0
"279","STRM09-VAC-005","4/16/2023","STRM09","Stream 09","STRM09-1-4",0,"R",9,4,0,NA,NA,55,0,5,40,0,0,0,5.5,36,0,0,0,0,0,0,0,NA,0,0,0,0,0,0
"280","STRM09-VAC-006","4/16/2023","STRM09","Stream 09","STRM09-1-4",0,"R",23,7,0,NA,NA,55,10,5,30,0,0,0,7,161,0,0,0,0,0,0,0,NA,0,0,0,0,0,0
"281","STRM09-VAC-008","4/16/2023","STRM09","Stream 09","STRM09-1-4",0,"R",7.5,7,5,NA,NA,40,0,5,55,0,0,0,0,52.5,0,0,0,0,0,0,0,NA,0,0,0,0,0,0
"282","STRM09-VAC-010","4/16/2023","STRM09","Stream 09","STRM09-1-5",0,"R",11,9,0,NA,NA,10,0,30,55,5,0,0,4,99,0,0,0,0,0,0,0,NA,0,0,0,0,0,0
"283","STRM09-VAC-011","4/16/2023","STRM09","Stream 09","STRM09-1-5",0,"R",35,22,0,NA,NA,0,30,0,70,0,0,0,5,770,0,0,0,0,0,0,0,NA,0,0,0,0,0,0
"284","STRM09-VAC-012","4/16/2023","STRM09","Stream 09","STRM09-1-5",0,"R",15,9,0,NA,NA,65,20,0,15,0,0,0,5,135,0,0,0,0,0,0,0,NA,0,0,0,0,0,0
"285","STRM09-VAC-013","4/16/2023","STRM09","Stream 09","STRM09-1-5",0,"R",14,14,0,NA,NA,5,5,30,35,25,0,0,0.1,196,0,0,0,0,0,0,0,NA,0,0,0,0,0,0
"286","STRM08-OCC-001","4/16/2023","STRM08","Stream 08","STRM08-1-1",1,"R",24,8,16,15,13,0,45,0,45,10,0,0,0,192,0,0,0,0,1,0,0,0,0,0,1,0,1,0
"287","STRM08-OCC-002","4/16/2023","STRM08","Stream 08","STRM08-1-1",1,"R",11,8,26,15,18,0,15,0,75,10,0,0,0,88,0,0,0,0,1,0,0,0,0,0,1,0,1,0
"288","STRM08-OCC-003","4/16/2023","STRM08","Stream 08","STRM08-1-2",1,"R",12,9,33,53,11,5,0,10,80,5,0,0,0,108,0,0,0,0,1,0,0,0,0,0,1,0,1,0
"289","STRM08-OCC-004","4/16/2023","STRM08","Stream 08","STRM08-1-2",1,"R",16,11,0,53,12,35,0,20,45,0,0,0,1,176,0,0,0,1,0,0,0,0,0,0,0,1,1,0
"290","STRM08-OCC-005","4/16/2023","STRM08","Stream 08","STRM08-1-3",1,"R",12,12,0,24,14,0,0,40,10,45,0,5,2,144,0,1,0,0,0,0,0,0,0,0,1,0,1,1
"291","STRM08-OCC-006","4/16/2023","STRM08","Stream 08","STRM08-1-3",1,"R",23,12,0,24,16,15,0,30,30,25,0,0,3,276,0,1,0,0,0,0,0,0,0,0,1,0,1,1
"292","STRM08-OCC-007","4/16/2023","STRM08","Stream 08","STRM08-1-3",1,"R",28,17,0,99,18,15,0,5,35,45,0,0,1,476,0,0,0,0,1,0,0,0,0,0,1,0,1,0
"293","STRM08-OCC-008","4/16/2023","STRM08","Stream 08","STRM08-1-5",1,"R",28,21,0,65,27,20,10,5,45,20,0,0,1.5,588,0,0,0,0,1,0,0,0,0,0,1,0,1,0
"294","STRM08-OCC-009","4/16/2023","STRM08","Stream 08","STRM08-1-5",1,"R",27,18,0,65,0,0,25,45,30,0,0,0,3,486,0,1,0,0,0,0,0,0,0,0,1,0,1,1
"295","STRM08-OCC-010","4/16/2023","STRM08","Stream 08","STRM08-1-5",1,"R",29,17,34,48,18,0,30,0,15,45,10,0,0,493,0,0,0,0,1,0,0,0,0,0,1,0,1,0
"296","STRM08-OCC-011","4/16/2023","STRM08","Stream 08","STRM08-1-5",1,"R",33,21,18,48,16,0,20,5,40,30,5,0,0,693,0,0,0,0,1,0,0,0,0,0,1,0,1,0
"297","STRM08-VAC-001","4/16/2023","STRM08","Stream 08","STRM08-1-1",0,"R",30,17,0,NA,NA,0,5,0,75,20,0,0,0.1,510,0,0,0,0,0,0,0,NA,0,0,0,0,0,0
"298","STRM08-VAC-002","4/16/2023","STRM08","Stream 08","STRM08-1-1",0,"R",13,11,36,NA,NA,0,20,0,55,25,0,0,0,143,0,0,0,0,0,0,0,NA,0,0,0,0,0,0
"299","STRM08-VAC-003","4/16/2023","STRM08","Stream 08","STRM08-1-2",0,"R",21,7,37,NA,NA,0,5,0,70,25,0,0,0,147,0,0,0,0,0,0,0,NA,0,0,0,0,0,0
"300","STRM08-VAC-004","4/16/2023","STRM08","Stream 08","STRM08-1-2",0,"R",17,6.5,0,NA,NA,0,0,45,30,10,0,15,2,110.5,0,0,0,0,0,0,0,NA,0,0,0,0,0,0
"301","STRM08-VAC-005","4/16/2023","STRM08","Stream 08","STRM08-1-3",0,"R",12,9,0,NA,NA,15,0,5,45,30,0,5,4,108,0,0,0,0,0,0,0,NA,0,0,0,0,0,0
"302","STRM08-VAC-006","4/16/2023","STRM08","Stream 08","STRM08-1-3",0,"R",17,4,0,NA,NA,0,0,70,20,10,0,0,2,68,0,0,0,0,0,0,0,NA,0,0,0,0,0,0
"303","STRM08-VAC-007","4/16/2023","STRM08","Stream 08","STRM08-1-3",0,"R",17,16,0,NA,NA,0,0,5,45,55,0,0,2,272,0,0,0,0,0,0,0,NA,0,0,0,0,0,0
"304","STRM08-VAC-008","4/16/2023","STRM08","Stream 08","STRM08-1-5",0,"R",27,18,0,65,0,0,15,10,45,30,0,0,3,486,0,0,0,0,0,0,0,NA,0,0,0,0,0,0
"305","STRM08-VAC-009","4/16/2023","STRM08","Stream 08","STRM08-1-5",0,"R",45,30,24,NA,NA,0,15,10,75,0,0,0,0,1350,0,0,0,0,0,0,0,NA,0,0,0,0,0,0
"306","STRM08-VAC-010","4/16/2023","STRM08","Stream 08","STRM08-1-5",0,"R",14,6,0,NA,NA,10,5,15,45,20,5,0,0.5,84,0,0,0,0,0,0,0,NA,0,0,0,0,0,0
"307","STRM08-VAC-011","4/16/2023","STRM08","Stream 08","STRM08-1-5",0,"R",13,7,11,NA,NA,0,5,25,40,25,5,0,0,91,0,0,0,0,0,0,0,NA,0,0,0,0,0,0
"308","STRM10-OCC-001","4/21/2023","STRM10","Stream 10","STRM10-1-1",1,"R",21,21,0,145,27,0,90,0,0,10,0,0,5,441,0,0,0,0,0,2,0,0,0,0,2,0,2,0
"309","STRM10-OCC-002","4/21/2023","STRM10","Stream 10","STRM10-1-1",1,"W",110,25,34,26,13,0,90,0,10,0,0,0,0,2750,0,0,0,0,1,0,0,0,0,0,1,0,1,0
"310","STRM10-OCC-003","4/21/2023","STRM10","Stream 10","STRM10-1-1",1,"R",22,18,0,26,16,0,70,0,0,10,20,0,2,396,0,0,0,0,0,0,1,0,0,0,0,1,1,0
"311","STRM10-OCC-004","4/21/2023","STRM10","Stream 10","STRM10-1-1",1,"R",25,21,0,54,16,0,45,0,20,10,25,0,5,525,0,0,0,0,0,0,1,0,0,0,0,1,1,0
"312","STRM10-OCC-005","4/21/2023","STRM10","Stream 10","STRM10-1-1",1,"R",32,28,0,87,22,80,0,5,10,5,0,0,8,896,0,0,0,1,0,0,0,0,0,0,0,1,1,0
"313","STRM10-OCC-006","4/21/2023","STRM10","Stream 10","STRM10-1-1",1,"R",49,34,0,67,45,65,0,0,15,20,0,0,4.5,1666,0,0,0,0,0,0,1,0,0,0,0,1,1,0
"314","STRM10-OCC-007","4/21/2023","STRM10","Stream 10","STRM10-1-2",1,"R",10,8,0,72,11,20,0,0,75,5,0,0,3.5,80,0,0,0,0,0,0,1,0,0,0,0,1,1,0
"315","STRM10-OCC-008","4/21/2023","STRM10","Stream 10","STRM10-1-2",1,"R",29,16,0,72,15,60,0,0,20,10,10,0,8.5,464,0,0,1,0,0,0,0,0,0,0,1,0,1,0
"316","STRM10-OCC-009","4/21/2023","STRM10","Stream 10","STRM10-1-3",1,"R",27,24,0,105,28,75,10,0,5,5,5,0,10,648,0,0,0,1,0,0,0,0,0,0,0,1,1,0
"317","STRM10-OCC-010","4/21/2023","STRM10","Stream 10","STRM10-1-3",1,"R",17,13,0,62,11,35,0,0,25,40,0,0,5,221,0,0,1,0,0,0,0,0,0,0,1,0,1,0
"318","STRM10-OCC-011","4/21/2023","STRM10","Stream 10","STRM10-1-3",1,"R",22,21,0,62,0,70,0,5,25,0,0,0,5,462,0,0,0,0,0,0,1,0,0,0,0,1,1,0
"319","STRM10-OCC-012","4/21/2023","STRM10","Stream 10","STRM10-1-3",1,"R",27,14,0,77,16,0,50,0,0,25,0,25,7,378,0,0,0,0,1,0,0,0,0,0,1,0,1,0
"320","STRM10-OCC-013","4/21/2023","STRM10","Stream 10","STRM10-1-4",1,"R",47,45,0,79,32,70,10,10,0,10,0,0,8,2115,0,0,0,0,0,0,1,0,0,0,0,1,1,0
"321","STRM10-OCC-014","4/21/2023","STRM10","Stream 10","STRM10-1-4",1,"R",11,7,0,62,18,40,0,5,55,0,0,0,9,77,0,0,0,0,0,0,2,0,0,0,0,2,2,0
"322","STRM10-OCC-015","4/21/2023","STRM10","Stream 10","STRM10-1-4",1,"R",26,13,0,42,20,45,5,0,45,5,0,0,4,338,0,0,0,0,0,0,2,0,0,0,0,2,2,0
"323","STRM10-OCC-016","4/21/2023","STRM10","Stream 10","STRM10-1-5",1,"R",16,18,82,93,32,0,20,5,0,70,0,5,0,288,0,0,0,0,1,0,0,0,0,0,1,0,1,0
"324","STRM10-OCC-017","4/21/2023","STRM10","Stream 10","STRM10-1-5",1,"R",38,23,0,115,0,80,0,0,20,0,0,0,12,874,0,0,1,0,0,0,0,0,0,0,1,0,1,0
"325","STRM10-OCC-018","4/21/2023","STRM10","Stream 10","STRM10-1-5",1,"R",10,7,0,31,18,0,30,0,65,5,0,0,3,70,0,0,0,0,0,1,0,0,0,0,1,0,1,0
"326","STRM10-OCC-019","4/21/2023","STRM10","Stream 10","STRM10-1-5",1,"R",18,16,0,44,9,35,0,0,65,0,0,0,5,288,0,1,0,0,0,0,0,0,0,0,1,0,1,1
"327","STRM10-OCC-020","4/21/2023","STRM10","Stream 10","STRM10-1-5",1,"R",59,50,0,44,25,70,0,0,25,5,0,0,7,2950,0,0,0,0,0,0,1,0,0,0,0,1,1,0
"328","STRM10-VAC-001","4/21/2023","STRM10","Stream 10","STRM10-1-1",0,"R",14,10,58,NA,NA,0,45,0,20,35,0,0,0,140,0,0,0,0,0,0,0,NA,0,0,0,0,0,0
"329","STRM10-VAC-002","4/21/2023","STRM10","Stream 10","STRM10-1-1",0,"R",14,13,25,NA,NA,15,20,0,10,30,25,0,0,182,0,0,0,0,0,0,0,NA,0,0,0,0,0,0
"330","STRM10-VAC-003","4/21/2023","STRM10","Stream 10","STRM10-1-1",0,"R",17,11,0,NA,NA,20,20,0,40,10,10,0,3,187,0,0,0,0,0,0,0,NA,0,0,0,0,0,0
"331","STRM10-VAC-004","4/21/2023","STRM10","Stream 10","STRM10-1-1",0,"R",25,12,0,NA,NA,0,70,0,25,5,0,0,0.1,300,0,0,0,0,0,0,0,NA,0,0,0,0,0,0
"332","STRM10-VAC-005","4/21/2023","STRM10","Stream 10","STRM10-1-1",0,"R",27,24,0,NA,NA,75,10,0,0,15,0,0,4,648,0,0,0,0,0,0,0,NA,0,0,0,0,0,0
"333","STRM10-VAC-006","4/21/2023","STRM10","Stream 10","STRM10-1-1",0,"R",44,28,0,NA,NA,85,10,5,0,0,0,0,7,1232,0,0,0,0,0,0,0,NA,0,0,0,0,0,0
"334","STRM10-VAC-007","4/21/2023","STRM10","Stream 10","STRM10-1-2",0,"R",14,8,0,NA,NA,10,5,55,20,10,0,0,2,112,0,0,0,0,0,0,0,NA,0,0,0,0,0,0
"335","STRM10-VAC-008","4/21/2023","STRM10","Stream 10","STRM10-1-2",0,"R",20,17,0,NA,NA,40,0,35,10,15,0,0,4,340,0,0,0,0,0,0,0,NA,0,0,0,0,0,0
"336","STRM10-VAC-009","4/21/2023","STRM10","Stream 10","STRM10-1-3",0,"R",18,17,0,NA,NA,75,10,0,5,10,0,0,4,306,0,0,0,0,0,0,0,NA,0,0,0,0,0,0
"337","STRM10-VAC-010","4/21/2023","STRM10","Stream 10","STRM10-1-3",0,"R",31,25,0,NA,NA,50,5,0,25,25,0,0,4,775,0,0,0,0,0,0,0,NA,0,0,0,0,0,0
"338","STRM10-VAC-011","4/21/2023","STRM10","Stream 10","STRM10-1-3",0,"R",12,5,0,NA,NA,40,20,0,10,30,0,0,4,60,0,0,0,0,0,0,0,NA,0,0,0,0,0,0
"339","STRM10-VAC-012","4/21/2023","STRM10","Stream 10","STRM10-1-3",0,"R",31,20,0,NA,NA,40,0,0,5,55,0,0,6,620,0,0,0,0,0,0,0,NA,0,0,0,0,0,0
"340","STRM10-VAC-013","4/21/2023","STRM10","Stream 10","STRM10-1-4",0,"R",21,7,0,NA,NA,10,0,5,75,10,0,0,9,147,0,0,0,0,0,0,0,NA,0,0,0,0,0,0
"341","STRM10-VAC-014","4/21/2023","STRM10","Stream 10","STRM10-1-4",0,"R",18,8,47,NA,NA,0,5,10,20,65,0,0,0,144,0,0,0,0,0,0,0,NA,0,0,0,0,0,0
"342","STRM10-VAC-015","4/21/2023","STRM10","Stream 10","STRM10-1-4",0,"R",32,15,0,NA,NA,0,60,0,35,5,0,0,1,480,0,0,0,0,0,0,0,NA,0,0,0,0,0,0
"343","STRM10-VAC-016","4/21/2023","STRM10","Stream 10","STRM10-1-5",0,"R",15,12,71,NA,NA,0,20,0,10,70,0,0,0,180,0,0,0,0,0,0,0,NA,0,0,0,0,0,0
"344","STRM10-VAC-017","4/21/2023","STRM10","Stream 10","STRM10-1-5",0,"R",16,8,5,NA,NA,25,0,30,45,0,0,0,0,128,0,0,0,0,0,0,0,NA,0,0,0,0,0,0
"345","STRM10-VAC-018","4/21/2023","STRM10","Stream 10","STRM10-1-5",0,"R",23,22,0,NA,NA,0,75,0,5,20,0,0,2,506,0,0,0,0,0,0,0,NA,0,0,0,0,0,0
"346","STRM10-VAC-019","4/21/2023","STRM10","Stream 10","STRM10-1-5",0,"R",15,11,0,NA,NA,0,0,25,75,0,0,0,7,165,0,0,0,0,0,0,0,NA,0,0,0,0,0,0
"347","STRM10-VAC-020","4/21/2023","STRM10","Stream 10","STRM10-1-5",0,"R",34,17,0,NA,NA,25,0,0,55,15,5,0,4,578,0,0,0,0,0,0,0,NA,0,0,0,0,0,0
"348","STRM11-OCC-001","4/26/2023","STRM11","Stream 11","STRM11-2-1",1,"R",24,7,0,81,8,90,0,0,5,5,0,0,5,168,0,0,0,0,1,0,0,0,0,0,1,0,1,0
"349","STRM11-OCC-002","4/26/2023","STRM11","Stream 11","STRM11-2-1",1,"R",10,10,0,81,9,0,35,10,55,0,0,0,1,100,0,0,0,0,1,0,0,0,0,0,1,0,1,0
"350","STRM11-OCC-003","4/26/2023","STRM11","Stream 11","STRM11-2-1",1,"R",21,18,82,185,21,0,40,5,0,55,0,0,0,378,0,0,0,0,1,0,0,0,0,0,1,0,1,0
"351","STRM11-OCC-004","4/26/2023","STRM11","Stream 11","STRM11-2-1",1,"R",22,10,0,125,14,0,20,0,70,10,0,0,6.5,220,0,0,0,0,0,0,1,0,0,0,0,1,1,0
"352","STRM11-OCC-005","4/26/2023","STRM11","Stream 11","STRM11-2-4",1,"R",32,22,0,25,17,0,40,0,25,35,0,0,3,704,0,0,0,0,2,0,1,0,1,0,3,1,4,0
"353","STRM11-OCC-006","4/26/2023","STRM11","Stream 11","STRM11-2-4",1,"R",14,5,0,25,11,0,10,25,65,0,0,0,3,70,0,0,0,0,1,0,0,0,0,0,1,0,1,0
"354","STRM11-OCC-007","4/26/2023","STRM11","Stream 11","STRM11-2-4",1,"R",23,10,0,0,16,20,0,10,70,0,0,0,3,230,0,0,0,0,1,0,0,0,0,0,1,0,1,0
"355","STRM11-OCC-008","4/26/2023","STRM11","Stream 11","STRM11-2-4",1,"R",14,7,0,0,16,10,0,15,75,0,0,0,3,98,0,0,0,0,1,0,0,0,0,0,1,0,1,0
"356","STRM11-OCC-009","4/26/2023","STRM11","Stream 11","STRM11-2-4",1,"O",NA,NA,45,NA,NA,5,0,15,10,65,0,5,0,NA,0,0,0,0,1,0,0,0,0,0,1,0,1,0
"357","STRM11-OCC-010","4/26/2023","STRM11","Stream 11","STRM11-2-5",1,"R",12,4,0,106,12,10,15,40,30,5,0,0,1,48,0,0,0,0,1,0,0,0,0,0,1,0,1,0
"358","STRM11-OCC-011","4/26/2023","STRM11","Stream 11","STRM11-2-5",1,"R",29,12,0,28,14,65,0,10,25,0,0,0,4.5,348,0,0,0,0,1,0,0,0,0,0,1,0,1,0
"359","STRM11-OCC-012","4/26/2023","STRM11","Stream 11","STRM11-2-5",1,"R",22,12,0,48,15,15,5,0,10,55,0,15,1.5,264,0,0,0,0,1,0,0,0,0,0,1,0,1,0
"360","STRM11-OCC-013","4/26/2023","STRM11","Stream 11","STRM11-2-5",1,"R",8,7,7,9,9,5,0,30,65,0,0,0,0,56,0,0,1,0,0,0,0,0,0,0,1,0,1,0
"361","STRM11-OCC-014","4/26/2023","STRM11","Stream 11","STRM11-2-5",1,"R",14,6,0,9,8,5,5,45,40,5,0,0,0.1,84,0,0,0,0,1,0,0,0,0,0,1,0,1,0
"362","STRM11-OCC-015","4/26/2023","STRM11","Stream 11","STRM11-2-5",1,"R",12,10,0,66,12,10,10,5,70,5,0,0,1,120,0,0,0,0,0,0,0,0,1,0,1,0,1,0
"363","STRM11-OCC-016","4/26/2023","STRM11","Stream 11","STRM11-2-5",1,"R",15,7,0,106,20,20,15,10,50,5,0,0,1,105,0,0,0,0,1,0,0,0,0,0,1,0,1,0
"364","STRM11-OCC-017","4/26/2023","STRM11","Stream 11","STRM11-2-2",1,"W",58,9,0,190,15,15,5,0,40,40,0,0,11,522,0,0,0,0,0,0,1,0,0,0,0,1,1,0
"365","STRM11-VAC-001","4/26/2023","STRM11","Stream 11","STRM11-2-1",0,"R",13,6.5,0,NA,NA,75,0,0,20,5,0,0,5.5,84.5,0,0,0,0,0,0,0,NA,0,0,0,0,0,0
"366","STRM11-VAC-002","4/26/2023","STRM11","Stream 11","STRM11-2-1",0,"R",16,8,0,NA,NA,0,20,0,65,15,0,0,2,128,0,0,0,0,0,0,0,NA,0,0,0,0,0,0
"367","STRM11-VAC-003","4/26/2023","STRM11","Stream 11","STRM11-2-1",0,"R",10,6,79,NA,NA,0,5,25,25,45,0,0,0,60,0,0,0,0,0,0,0,NA,0,0,0,0,0,0
"368","STRM11-VAC-004","4/26/2023","STRM11","Stream 11","STRM11-2-1",0,"R",16,10,0,NA,NA,0,5,0,0,95,0,0,10,160,0,0,0,0,0,0,0,NA,0,0,0,0,0,0
"369","STRM11-VAC-005","4/26/2023","STRM11","Stream 11","STRM11-2-4",0,"R",14,10,5,NA,NA,0,5,5,85,5,0,0,0,140,0,0,0,0,0,0,0,NA,0,0,0,0,0,0
"370","STRM11-VAC-006","4/26/2023","STRM11","Stream 11","STRM11-2-4",0,"R",8,8,0,NA,NA,0,10,10,70,10,0,0,2,64,0,0,0,0,0,0,0,NA,0,0,0,0,0,0
"371","STRM11-VAC-007","4/26/2023","STRM11","Stream 11","STRM11-2-4",0,"R",15,5,0,NA,NA,0,0,10,65,10,15,0,3,75,0,0,0,0,0,0,0,NA,0,0,0,0,0,0
"372","STRM11-VAC-008","4/26/2023","STRM11","Stream 11","STRM11-2-4",0,"R",13,5,18,NA,NA,10,0,20,65,5,0,0,0,65,0,0,0,0,0,0,0,NA,0,0,0,0,0,0
"373","STRM11-VAC-010","4/26/2023","STRM11","Stream 11","STRM11-2-5",0,"R",28,24,0,NA,NA,60,5,20,15,0,0,0,2,672,0,0,0,0,0,0,0,NA,0,0,0,0,0,0
"374","STRM11-VAC-011","4/26/2023","STRM11","Stream 11","STRM11-2-5",0,"R",19,12,0,NA,NA,0,10,30,55,5,0,0,5,228,0,0,0,0,0,0,0,NA,0,0,0,0,0,0
"375","STRM11-VAC-012","4/26/2023","STRM11","Stream 11","STRM11-2-5",0,"R",13,7,19,NA,NA,5,0,0,0,80,5,10,0,91,0,0,0,0,0,0,0,NA,0,0,0,0,0,0
"376","STRM11-VAC-013","4/26/2023","STRM11","Stream 11","STRM11-2-5",0,"R",11,14,8,NA,NA,30,5,0,65,0,0,0,0,154,0,0,0,0,0,0,0,NA,0,0,0,0,0,0
"377","STRM11-VAC-014","4/26/2023","STRM11","Stream 11","STRM11-2-5",0,"R",14,9,51,NA,NA,5,20,30,40,5,0,0,0,126,0,0,0,0,0,0,0,NA,0,0,0,0,0,0
"378","STRM11-VAC-015","4/26/2023","STRM11","Stream 11","STRM11-2-5",0,"R",9,7,0,NA,NA,0,15,0,80,5,0,0,0.1,63,0,0,0,0,0,0,0,NA,0,0,0,0,0,0
"379","STRM11-VAC-016","4/26/2023","STRM11","Stream 11","STRM11-2-5",0,"R",17,12,0,NA,NA,35,15,15,25,10,0,0,2,204,0,0,0,0,0,0,0,NA,0,0,0,0,0,0
"380","STRM11-VAC-017","4/26/2023","STRM11","Stream 11","STRM11-2-2",0,"R",11,5,0,NA,NA,10,10,65,10,5,0,0,1,55,0,0,0,0,0,0,0,NA,0,0,0,0,0,0
"381","STRM07-OCC-003",NA,"STRM07","Stream 07","STRM07-NA",NA,NA,NA,NA,NA,NA,NA,NA,NA,NA,NA,NA,NA,NA,NA,NA,0,0,1,0,0,0,0,0,0,0,1,0,1,0
"382","STRM02-OCC-004",NA,"STRM02","Stream 02","STRM02-NA",NA,NA,NA,NA,NA,NA,NA,NA,NA,NA,NA,NA,NA,NA,NA,NA,0,0,0,0,1,0,0,0,0,0,1,0,1,0
"383","STRM02-OCC-005",NA,"STRM02","Stream 02","STRM02-NA",NA,NA,NA,NA,NA,NA,NA,NA,NA,NA,NA,NA,NA,NA,NA,NA,0,0,1,0,0,0,0,0,0,0,1,0,1,0
"384","STRM02-OCC-008",NA,"STRM02","Stream 02","STRM02-NA",NA,NA,NA,NA,NA,NA,NA,NA,NA,NA,NA,NA,NA,NA,NA,NA,0,1,0,0,2,0,1,0,0,0,3,1,4,1
"385","STRM01-OOC-007",NA,"STRM01","Stream 01","STRM01-NA",NA,NA,NA,NA,NA,NA,NA,NA,NA,NA,NA,NA,NA,NA,NA,NA,0,0,0,0,1,0,0,0,0,0,1,0,1,0
