"","PointCode","StrmID","Date","SubplotCode","Occupied","CoverType","cmLenCover","cmWidCover","distWater","NN_occ_cm","NN_vac_cm","per_sand","per_siltClay","per_grav","per_rock","per_litter","per_wood","per_veg","cmDepth","covArea","Individual","Species","mmSVL","mmTL","tailScore","gMass","Escaped","Type","sealStream"
"1","STRM01-OCC-001","STRM01","2023-03-17","STRM01-1-1",1,"R",42,27,106,195,70,0,100,0,0,0,0,0,0,1134,1,"DPER",41,91,3,2,"NO","SAL",1
"2","STRM01-OCC-002","STRM01","2023-03-17","STRM01-1-1",1,"R",34,22,0,54,25,10,15,0,0,75,0,0,6,748,1,"DCHE",NA,NA,NA,NA,"YES","SAL",1
"3","STRM01-OCC-003","STRM01","2023-03-17","STRM01-1-1",1,"R",73,33,0,54,25,5,0,5,90,0,0,0,5,2409,2,"DCHE",86,147,3,13.9,"NO","SAL",1
"4","STRM01-OCC-003","STRM01","2023-03-17","STRM01-1-1",1,"R",73,33,0,54,25,5,0,5,90,0,0,0,5,2409,1,"ECIR",46,88,3,1.4,"NO","SAL",1
"5","STRM01-OCC-004","STRM01","2023-03-17","STRM01-1-2",1,"R",34,28,0,53,18,0,0,0,0,100,0,0,2,952,1,"DCHE",72,142,3,8.1,"NO","SAL",1
"6","STRM01-OCC-005","STRM01","2023-03-17","STRM01-1-2",1,"W",48,13,0,53,17,50,0,0,0,50,0,0,1,624,1,"ECIR",NA,NA,NA,NA,"YES","SAL",1
"7","STRM01-OCC-006","STRM01","2023-03-17","STRM01-1-3",1,"R",15,11,8,82,38,0,0,5,0,95,0,0,0,165,1,"DPER",NA,NA,NA,NA,"YES","SAL",1
"8","STRM01-OCC-007","STRM01","2023-03-17","STRM01-1-3",1,"L",9,9,0,15,7,30,0,0,30,20,20,0,2,81,NA,NA,NA,NA,NA,NA,NA,NA,1
"9","STRM01-OCC-008","STRM01","2023-03-17","STRM01-1-3",1,"R",18,10,0,15,12,60,0,15,15,10,0,0,1,180,1,"DPER",NA,NA,NA,NA,"YES","SAL",1
"10","STRM01-OCC-009","STRM01","2023-03-17","STRM01-1-4",1,"W",20,11,0,9,21,50,0,0,0,50,0,0,1,220,1,"DCHE",55,110,3,2.9,"NO","SAL",1
"11","STRM01-OCC-009","STRM01","2023-03-17","STRM01-1-4",1,"W",20,11,0,9,21,50,0,0,0,50,0,0,1,220,2,"ECIR",46,65,1,2.1,"NO","SAL",1
"12","STRM01-OCC-010","STRM01","2023-03-17","STRM01-1-4",1,"R",36,30,0,9,18,50,0,25,0,25,0,0,3,1080,1,"DCHE",70,128,3,8.2,"NO","SAL",1
"13","STRM01-OCC-010","STRM01","2023-03-17","STRM01-1-4",1,"R",36,30,0,9,18,50,0,25,0,25,0,0,3,1080,2,"DPER",55,100,3,1.6,"NO","SAL",1
"14","STRM01-OCC-011","STRM01","2023-03-17","STRM01-1-4",1,"R",10,10,0,55,21,0,0,0,50,50,0,0,1,100,1,"ECIR",NA,NA,NA,NA,"YES","SAL",1
"15","STRM01-OCC-012","STRM01","2023-03-17","STRM01-1-5",1,"R",20,13,0,95,41,0,0,0,0,100,0,0,2,260,1,"DPER",NA,NA,NA,NA,"YES","SAL",1
"16","STRM01-OCC-013","STRM01","2023-03-17","STRM01-1-5",1,"R",59,23,0,95,12,10,10,20,20,40,0,0,1,1357,3,"DCHE",NA,NA,NA,NA,"YES","SAL",1
"17","STRM01-OCC-013","STRM01","2023-03-17","STRM01-1-5",1,"R",59,23,0,95,12,10,10,20,20,40,0,0,1,1357,1,"DCHE",75,151,3,11.9,"NO","SAL",1
"18","STRM01-OCC-013","STRM01","2023-03-17","STRM01-1-5",1,"R",59,23,0,95,12,10,10,20,20,40,0,0,1,1357,2,"DPER",51,94,3,2.8,"NO","SAL",1
"19","STRM01-OCC-014","STRM01","2023-03-17","STRM01-1-1",1,"W",90,9,73,73,11,0,0,0,0,100,0,0,0,810,1,"DPER",52,93,3,2,"NO","SAL",1
"20","STRM01-VAC-001","STRM01","2023-03-17","STRM01-1-1",0,"W",32,7,0,NA,NA,20,0,0,15,65,0,0,3,224,NA,NA,NA,NA,NA,NA,NA,NA,1
"21","STRM01-VAC-002","STRM01","2023-03-17","STRM01-1-1",0,"R",10,8,0,NA,NA,0,0,60,0,40,0,0,3,80,NA,NA,NA,NA,NA,NA,NA,NA,1
"22","STRM01-VAC-003","STRM01","2023-03-17","STRM01-1-2",0,"R",28,20,0,NA,NA,15,0,5,0,80,0,0,1,560,NA,NA,NA,NA,NA,NA,NA,NA,1
"23","STRM01-VAC-004","STRM01","2023-03-17","STRM01-1-2",0,"W",31,8,0,NA,NA,0,0,0,0,100,0,0,0,248,NA,NA,NA,NA,NA,NA,NA,NA,1
"24","STRM01-VAC-005","STRM01","2023-03-17","STRM01-1-3",0,"R",13,9,21,NA,NA,0,20,0,20,60,0,0,0,117,NA,NA,NA,NA,NA,NA,NA,NA,1
"25","STRM01-VAC-006","STRM01","2023-03-17","STRM01-1-3",0,"W",22,9,0,NA,NA,0,0,0,50,50,0,0,3,198,NA,NA,NA,NA,NA,NA,NA,NA,1
"26","STRM01-VAC-007","STRM01","2023-03-17","STRM01-1-3",0,"R",16,15,0,NA,NA,10,0,10,0,80,0,0,1,240,NA,NA,NA,NA,NA,NA,NA,NA,1
"27","STRM01-VAC-008","STRM01","2023-03-17","STRM01-1-4",0,"R",16,16,50,NA,NA,0,0,0,40,60,0,0,0,256,NA,NA,NA,NA,NA,NA,NA,NA,1
"28","STRM01-VAC-009","STRM01","2023-03-17","STRM01-1-4",0,"R",21,8,0,NA,NA,20,0,0,0,80,0,0,3,168,NA,NA,NA,NA,NA,NA,NA,NA,1
"29","STRM01-VAC-010","STRM01","2023-03-17","STRM01-1-5",0,"W",50,10,10,NA,NA,0,0,0,10,90,0,0,0,500,NA,NA,NA,NA,NA,NA,NA,NA,1
"30","STRM01-VAC-011","STRM01","2023-03-17","STRM01-1-5",0,"W",60,8,0,NA,NA,0,0,0,0,100,0,0,1,480,NA,NA,NA,NA,NA,NA,NA,NA,1
"31","STRM01-VAC-014","STRM01","2023-03-17","STRM01-1-5",0,"R",22,15,72,72,NA,0,60,0,0,40,0,0,0,330,NA,NA,NA,NA,NA,NA,NA,NA,1
"32","STRM02-OCC-001","STRM02","2023-03-18","STRM02-3-1",1,"R",35,16,0,54,6,10,0,45,40,5,0,0,5,560,1,"DPER",54,70,2,2.6,"NO","SAL",1
"33","STRM02-OCC-001","STRM02","2023-03-18","STRM02-3-1",1,"R",35,16,0,54,6,10,0,45,40,5,0,0,5,560,2,"D",NA,NA,NA,NA,"YES","SAL",1
"34","STRM02-OCC-002","STRM02","2023-03-18","STRM02-3-1",1,"R",22,9,0,27,8,60,0,40,0,0,0,0,1,198,1,"DPER",36,74,3,0.9,"NO","SAL",1
"35","STRM02-OCC-003","STRM02","2023-03-18","STRM02-3-1",1,"R",19,16,0,27,20,50,0,30,20,0,0,0,1,304,1,"DPER",NA,NA,NA,NA,"YES","SAL",1
"36","STRM02-OCC-006","STRM02","2023-03-18","STRM02-3-1",1,"R",12,8,0,100,12,45,5,40,5,5,0,0,3,96,2,"DPER",36,88,3,1.4,"NO","SAL",1
"37","STRM02-OCC-006","STRM02","2023-03-18","STRM02-3-1",1,"R",12,8,0,100,12,45,5,40,5,5,0,0,3,96,1,"DPER",29,54,3,0.6,"NO","SAL",1
"38","STRM02-OCC-007","STRM02","2023-03-18","STRM02-3-1",1,"R",11,8,0,60,11,50,0,50,0,0,0,0,2,88,1,"DPER",44,91,3,2.3,"NO","SAL",1
"39","STRM02-OCC-009","STRM02","2023-03-18","STRM02-3-2",1,"R",35,26,0,23,11,80,20,0,0,0,0,0,0.5,910,1,"DCHE",48,95,3,3.3,"NO","SAL",1
"40","STRM02-OCC-010","STRM02","2023-03-18","STRM02-3-2",1,"R",31,21,0,31,31,80,0,20,0,0,0,0,2,651,1,"DCHE",NA,NA,NA,NA,"YES","SAL",1
"41","STRM02-OCC-011","STRM02","2023-03-18","STRM02-3-2",1,"R",22,16,0,28,22,95,0,5,0,0,0,0,8,352,1,"ECIR",42,112,3,2.8,"NO","SAL",1
"42","STRM02-OCC-012","STRM02","2023-03-18","STRM02-3-3",1,"R",22,17,0,16,30,50,0,0,50,0,0,0,2,374,1,"ECIR",NA,NA,NA,NA,"YES","SAL",1
"43","STRM02-OCC-013","STRM02","2023-03-18","STRM02-3-3",1,"R",18,14,0,16,17,85,0,5,10,0,0,0,3,252,1,"CAM",20,41,3,1.2,"NO","CRAY",1
"44","STRM02-OCC-014","STRM02","2023-03-18","STRM02-3-3",1,"R",29,15,0,20,12,100,0,0,0,0,0,0,1,435,1,"DPER",51,104,3,2.5,"NO","SAL",1
"45","STRM02-OCC-015","STRM02","2023-03-18","STRM02-3-3",1,"R",18,15,0,19,14,100,0,0,0,0,0,0,3,270,2,"DPER",48,85,2,3,"NO","SAL",1
"46","STRM02-OCC-015","STRM02","2023-03-18","STRM02-3-3",1,"R",18,15,0,19,14,100,0,0,0,0,0,0,3,270,1,"CAM",23,52,3,3,"NO","CRAY",1
"47","STRM02-OCC-016","STRM02","2023-03-18","STRM02-3-3",1,"R",51,27,0,67,23,80,0,15,0,5,0,0,3,1377,1,"DCHE",48,105,3,4.1,"NO","SAL",1
"48","STRM02-OCC-017","STRM02","2023-03-18","STRM02-3-3",1,"R",37,19,18,70,23,50,50,0,0,0,0,0,0,703,1,"DPER",47,109,3,1.8,"NO","SAL",1
"49","STRM02-OCC-018","STRM02","2023-03-18","STRM02-3-4",1,"R",25,22,0,50,17,85,0,15,0,0,0,0,3,550,1,"ECIR",38,96,3,1.2,"NO","SAL",1
"50","STRM02-OCC-018","STRM02","2023-03-18","STRM02-3-4",1,"R",25,22,0,50,17,85,0,15,0,0,0,0,3,550,2,"ECIR",42,84,2,1.2,"NO","SAL",1
"51","STRM02-OCC-019","STRM02","2023-03-18","STRM02-3-4",1,"R",40,38,15,46,16,0,0,0,50,50,0,0,0,1520,1,"ECIR",48,79,2,1.5,"NO","SAL",1
"52","STRM02-OCC-019","STRM02","2023-03-18","STRM02-3-4",1,"R",40,38,15,46,16,0,0,0,50,50,0,0,0,1520,2,"DPER",NA,NA,NA,NA,"YES","SAL",1
"53","STRM02-OCC-020","STRM02","2023-03-18","STRM02-3-4",1,"R",33,18,0,42,18,25,25,25,0,25,0,0,2,594,1,"DCHE",58,112,2,5.9,"NO","SAL",1
"54","STRM02-OCC-021","STRM02","2023-03-18","STRM02-3-4",1,"R",40,38,0,50,17,50,0,0,0,50,0,0,5,1520,1,"DCHE",55,99,2,5.2,"NO","SAL",1
"55","STRM02-OCC-022","STRM02","2023-03-18","STRM02-3-5",1,"R",42,33,0,96,36,20,0,0,30,50,0,0,8,1386,1,"DPER",47,82,2,2.8,"NO","SAL",1
"56","STRM02-OCC-023","STRM02","2023-03-18","STRM02-3-5",1,"R",31,24,0,98,23,25,0,0,25,50,0,0,1,744,1,"DCHE",57,94,2,4.3,"NO","SAL",1
"57","STRM02-VAC-001","STRM02","2023-03-18","STRM02-3-1",0,"R",8,8,0,NA,NA,45,0,50,0,5,0,0,5,64,NA,NA,NA,NA,NA,NA,NA,NA,1
"58","STRM02-VAC-002","STRM02","2023-03-18","STRM02-3-1",0,"R",8,6,0,NA,NA,20,0,80,0,0,0,0,4,48,NA,NA,NA,NA,NA,NA,NA,NA,1
"59","STRM02-VAC-003","STRM02","2023-03-18","STRM02-3-1",0,"R",19,12,0,NA,NA,90,0,10,0,0,0,0,3,228,NA,NA,NA,NA,NA,NA,NA,NA,1
"60","STRM02-VAC-004","STRM02","2023-03-18","STRM02-3-1",0,"R",29,5,0,NA,NA,40,0,0,0,60,0,0,5,145,NA,NA,NA,NA,NA,NA,NA,NA,1
"61","STRM02-VAC-005","STRM02","2023-03-18","STRM02-3-2",0,"R",16,14,0,NA,NA,100,0,0,0,0,0,0,1,224,NA,NA,NA,NA,NA,NA,NA,NA,1
"62","STRM02-VAC-006","STRM02","2023-03-18","STRM02-3-2",0,"R",16,11,0,NA,NA,90,0,0,5,5,0,0,6,176,NA,NA,NA,NA,NA,NA,NA,NA,1
"63","STRM02-VAC-007","STRM02","2023-03-18","STRM02-3-3",0,"R",13,11,0,NA,NA,10,40,0,0,50,0,0,1,143,NA,NA,NA,NA,NA,NA,NA,NA,1
"64","STRM02-VAC-008","STRM02","2023-03-18","STRM02-3-3",0,"R",11,8,0,NA,NA,80,0,10,10,0,0,0,3,88,NA,NA,NA,NA,NA,NA,NA,NA,1
"65","STRM02-VAC-009","STRM02","2023-03-18","STRM02-3-3",0,"R",20,15,0,NA,NA,50,0,50,0,0,0,0,2,300,NA,NA,NA,NA,NA,NA,NA,NA,1
"66","STRM02-VAC-010","STRM02","2023-03-18","STRM02-3-3",0,"R",20,18,0,NA,NA,80,0,20,0,0,0,0,2,360,NA,NA,NA,NA,NA,NA,NA,NA,1
"67","STRM02-VAC-011","STRM02","2023-03-18","STRM02-3-3",0,"R",18,15,0,NA,NA,100,0,0,0,0,0,0,2,270,NA,NA,NA,NA,NA,NA,NA,NA,1
"68","STRM02-VAC-012","STRM02","2023-03-18","STRM02-3-3",0,"R",14,13,0,NA,NA,0,100,0,0,0,0,0,0,182,NA,NA,NA,NA,NA,NA,NA,NA,1
"69","STRM02-VAC-013","STRM02","2023-03-18","STRM02-3-4",0,"R",6,4,0,NA,NA,0,0,100,0,0,0,0,3,24,NA,NA,NA,NA,NA,NA,NA,NA,1
"70","STRM02-VAC-014","STRM02","2023-03-18","STRM02-3-4",0,"R",21,11,52,NA,NA,0,100,0,0,0,0,0,0,231,NA,NA,NA,NA,NA,NA,NA,NA,1
"71","STRM02-VAC-015","STRM02","2023-03-18","STRM02-3-4",0,"R",19,15,0,NA,NA,85,15,0,0,0,0,0,3,285,NA,NA,NA,NA,NA,NA,NA,NA,1
"72","STRM02-VAC-016","STRM02","2023-03-18","STRM02-3-4",0,"R",22,21,0,NA,NA,33,33,0,0,34,0,0,2,462,NA,NA,NA,NA,NA,NA,NA,NA,1
"73","STRM02-VAC-017","STRM02","2023-03-18","STRM02-3-5",0,"R",37,12,0,NA,NA,100,0,0,0,0,0,0,3,444,NA,NA,NA,NA,NA,NA,NA,NA,1
"74","STRM02-VAC-018","STRM02","2023-03-18","STRM02-3-5",0,"R",11,10,0,NA,NA,50,0,0,0,50,0,0,1,110,NA,NA,NA,NA,NA,NA,NA,NA,1
"75","STRM03-OCC-001","STRM03","2023-03-19","STRM03-1-1",1,"R",36,23,0,72,21,10,5,20,60,5,0,0,2.5,828,1,"DPER",54,92,2,2.3,"NO","SAL",0
"76","STRM03-OCC-002","STRM03","2023-03-19","STRM03-1-1",1,"R",38,18,0,46,18,5,0,0,50,45,0,0,0.5,684,1,"DPER",43,94,3,2.5,"NO","SAL",0
"77","STRM03-OCC-003","STRM03","2023-03-19","STRM03-1-1",1,"R",18,15,0,33,13,50,0,0,40,10,0,0,3.5,270,1,"ECIR",38,64,2,1.2,"NO","SAL",0
"78","STRM03-OCC-004","STRM03","2023-03-19","STRM03-1-1",1,"R",45,23,0,31,8,0,0,0,20,80,0,0,3,1035,1,"CAM",15,32,3,0.8,"NO","CRAY",0
"79","STRM03-OCC-005","STRM03","2023-03-19","STRM03-1-1",1,"R",28,21,26,81,23,0,65,0,0,35,0,0,0,588,1,"DPER",49,94,3,3.7,"NO","SAL",0
"80","STRM03-OCC-005","STRM03","2023-03-19","STRM03-1-1",1,"R",28,21,26,81,23,0,65,0,0,35,0,0,0,588,2,"DPER",49,94,3,3.7,"NO","SAL",0
"81","STRM03-OCC-006","STRM03","2023-03-19","STRM03-1-1",1,"R",38,37,0,27,25,25,35,0,25,15,0,0,4,1406,1,"DPER",NA,NA,NA,NA,"YES","SAL",0
"82","STRM03-OCC-007","STRM03","2023-03-19","STRM03-1-2",1,"R",32,15,0,90,16,0,50,0,15,35,0,0,7,480,1,"CAM",13,27,3,0.3,"NO","CRAY",0
"83","STRM03-OCC-008","STRM03","2023-03-19","STRM03-1-3",1,"R",24,22,0,120,30,65,0,0,0,35,0,0,5,528,1,"DPER",52,102,3,2.9,"NO","SAL",0
"84","STRM03-OCC-009","STRM03","2023-03-19","STRM03-1-3",1,"R",22,18,0,46,20,50,0,0,0,50,0,0,4,396,1,"D",NA,NA,NA,NA,"YES","SAL",0
"85","STRM03-OCC-010","STRM03","2023-03-19","STRM03-1-3",1,"R",33,27,20,47,21,100,0,0,0,0,0,0,0,891,1,"CAM",21,43,3,1.9,"NO","CRAY",0
"86","STRM03-OCC-011","STRM03","2023-03-19","STRM03-1-3",1,"R",24,15,23,58,20,0,100,0,0,0,0,0,0,360,1,"ECIR",33,70,3,1.1,"NO","SAL",0
"87","STRM03-OCC-012","STRM03","2023-03-19","STRM03-1-4",1,"R",48,35,71,47,25,50,50,0,0,0,0,0,0,1680,1,"ECIR",35,74,3,1.3,"NO","SAL",0
"88","STRM03-OCC-013","STRM03","2023-03-19","STRM03-1-4",1,"R",15,14,0,51,27,100,0,0,0,0,0,0,3,210,1,"CAM",19,42,3,1.5,"NO","CRAY",0
"89","STRM03-OCC-014","STRM03","2023-03-19","STRM03-1-4",1,"R",25,18,0,58,27,0,0,50,0,50,0,0,15,450,1,"PSRUB",62,101,3,5,"NO","SAL",0
"90","STRM03-OCC-015","STRM03","2023-03-19","STRM03-1-4",1,"R",31,17,9,42,17,50,50,0,0,0,0,0,0,527,1,"DPER",44,91,3,2.5,"NO","SAL",0
"91","STRM03-OCC-016","STRM03","2023-03-19","STRM03-1-4",1,"R",25,19,0,52,10,75,20,5,0,0,0,0,3,475,1,"DPER",39,77,3,1.8,"NO","SAL",0
"92","STRM03-OCC-017","STRM03","2023-03-19","STRM03-1-5",1,"R",31,29,0,47,18,75,0,25,0,0,0,0,7,899,1,"CAM",26,43,3,2.2,"NO","CRAY",0
"93","STRM03-OCC-018","STRM03","2023-03-19","STRM03-1-5",1,"R",16,14,0,55,12,5,0,30,60,5,0,0,4,224,1,"DPER",NA,NA,NA,NA,"YES","SAL",0
"94","STRM03-OCC-019","STRM03","2023-03-19","STRM03-1-2",1,"R",23,13,0,51,29,0,50,0,0,50,0,0,5,299,1,"ECIR",42,121,3,1.9,"NO","SAL",0
"95","STRM03-OCC-020","STRM03","2023-03-19","STRM03-1-1",0,"R",44,29,61,175,100,0,100,0,0,0,0,0,0,1276,2,"ECIR",43,90,3,1.3,"NO","SAL",0
"96","STRM03-OCC-020","STRM03","2023-03-19","STRM03-1-1",0,"R",44,29,61,175,100,0,100,0,0,0,0,0,0,1276,3,"ECIR",40,72,2,1,"NO","SAL",0
"97","STRM03-OCC-020","STRM03","2023-03-19","STRM03-1-1",0,"R",44,29,61,175,100,0,100,0,0,0,0,0,0,1276,1,"EGUT",46,121,3,1.9,"NO","SAL",0
"98","STRM03-VAC-001","STRM03","2023-03-19","STRM03-1-1",0,"R",16,10,0,NA,NA,10,10,20,50,10,0,0,2,160,NA,NA,NA,NA,NA,NA,NA,NA,0
"99","STRM03-VAC-002","STRM03","2023-03-19","STRM03-1-1",0,"R",17,10,0,NA,NA,0,0,20,80,0,0,0,4,170,NA,NA,NA,NA,NA,NA,NA,NA,0
"100","STRM03-VAC-003","STRM03","2023-03-19","STRM03-1-1",0,"R",20,15,0,NA,NA,30,10,20,20,20,0,0,3,300,NA,NA,NA,NA,NA,NA,NA,NA,0
"101","STRM03-VAC-004","STRM03","2023-03-19","STRM03-1-1",0,"R",21,13,0,NA,NA,10,15,15,20,40,0,0,1,273,NA,NA,NA,NA,NA,NA,NA,NA,0
"102","STRM03-VAC-005","STRM03","2023-03-19","STRM03-1-1",0,"R",26,22,23,NA,NA,0,100,0,0,0,0,0,0,572,NA,NA,NA,NA,NA,NA,NA,NA,0
"103","STRM03-VAC-006","STRM03","2023-03-19","STRM03-1-1",1,"R",23,16,0,NA,NA,45,0,0,5,50,0,0,3,368,NA,NA,NA,NA,NA,NA,NA,NA,0
"104","STRM03-VAC-007","STRM03","2023-03-19","STRM03-1-2",0,"R",12,12,0,NA,NA,0,35,0,65,0,0,0,5,144,NA,NA,NA,NA,NA,NA,NA,NA,0
"105","STRM03-VAC-008","STRM03","2023-03-19","STRM03-1-3",0,"R",33,25,0,NA,NA,40,0,0,0,60,0,0,1,825,NA,NA,NA,NA,NA,NA,NA,NA,0
"106","STRM03-VAC-009","STRM03","2023-03-19","STRM03-1-3",0,"L",36,21,2,NA,NA,0,0,0,0,100,0,0,0,756,NA,NA,NA,NA,NA,NA,NA,NA,0
"107","STRM03-VAC-010","STRM03","2023-03-19","STRM03-1-3",0,"R",28,15,40,NA,NA,50,0,0,0,50,0,0,0,420,NA,NA,NA,NA,NA,NA,NA,NA,0
"108","STRM03-VAC-011","STRM03","2023-03-19","STRM03-1-3",0,"R",22,18,84,NA,NA,0,100,0,0,0,0,0,0,396,NA,NA,NA,NA,NA,NA,NA,NA,0
"109","STRM03-VAC-012","STRM03","2023-03-19","STRM03-1-4",0,"R",16,9,25,NA,NA,50,50,0,0,0,0,0,0,144,NA,NA,NA,NA,NA,NA,NA,NA,0
"110","STRM03-VAC-013","STRM03","2023-03-19","STRM03-1-4",0,"R",9,7,18,NA,NA,50,50,0,0,0,0,0,0,63,NA,NA,NA,NA,NA,NA,NA,NA,0
"111","STRM03-VAC-014","STRM03","2023-03-19","STRM03-1-4",0,"R",19,12,0,NA,NA,30,0,0,40,30,0,0,5,228,NA,NA,NA,NA,NA,NA,NA,NA,0
"112","STRM03-VAC-015","STRM03","2023-03-19","STRM03-1-4",0,"R",17,16,36,NA,NA,100,0,0,0,0,0,0,0,272,NA,NA,NA,NA,NA,NA,NA,NA,0
"113","STRM03-VAC-016","STRM03","2023-03-19","STRM03-1-4",0,"R",26,19,0,NA,NA,50,15,0,0,35,0,0,8,494,NA,NA,NA,NA,NA,NA,NA,NA,0
"114","STRM03-VAC-017","STRM03","2023-03-19","STRM03-1-5",0,"R",22,13,50,NA,NA,15,85,0,0,0,0,0,0,286,NA,NA,NA,NA,NA,NA,NA,NA,0
"115","STRM03-VAC-018","STRM03","2023-03-19","STRM03-1-5",0,"R",30,20,0,NA,NA,0,40,10,0,50,0,0,2,600,NA,NA,NA,NA,NA,NA,NA,NA,0
"116","STRM03-VAC-019","STRM03","2023-03-19","STRM03-1-2",0,"R",32,30,79,NA,NA,0,50,0,0,50,0,0,0,960,NA,NA,NA,NA,NA,NA,NA,NA,0
"117","STRM03-VAC-020","STRM03","2023-03-19","STRM03-1-1",0,"R",20,17,0,NA,NA,50,50,0,0,0,0,0,2,340,NA,NA,NA,NA,NA,NA,NA,NA,0
"118","STRM04-OCC-001","STRM04","2023-04-05","STRM04-1-1",1,"L",19,9,0,45,9,10,10,20,10,50,0,0,0.5,171,1,"DPER",NA,NA,NA,NA,"YES","SAL",1
"119","STRM04-OCC-002","STRM04","2023-04-05","STRM04-1-2",1,"R",15,10,0,11,10,45,0,5,35,15,0,0,0.01,150,1,"DPER",50,53,1,2.6,"NO","SAL",1
"120","STRM04-OCC-003","STRM04","2023-04-05","STRM04-1-2",1,"R",12,10,0,11,8,5,5,0,10,70,5,5,0.5,120,1,"DPER",34,77,3,0.7,"NO","SAL",1
"121","STRM04-OCC-004","STRM04","2023-04-05","STRM04-1-3",1,"R",13,6,8,74,10,0,10,0,30,50,10,0,0,78,1,"ECIR",NA,NA,NA,NA,"YES","SAL",1
"122","STRM04-OCC-005","STRM04","2023-04-05","STRM04-1-3",1,"R",33,30,0,74,17,0,0,25,0,75,0,0,0.5,990,1,"DPER",37,83,3,1.2,"YES","SAL",1
"123","STRM04-OCC-006","STRM04","2023-04-05","STRM04-1-4",1,"L",20,16,13,55,13,0,0,10,0,90,0,0,0,320,1,"DPER",NA,NA,NA,NA,"YES","SAL",1
"124","STRM04-OCC-007","STRM04","2023-04-05","STRM04-1-4",1,"R",16,12,0,55,16,30,0,30,5,35,0,0,0.1,192,1,"DPER",45,90,3,1.7,"NO","SAL",1
"125","STRM04-OCC-008","STRM04","2023-04-05","STRM04-1-4",1,"R",11,7,0,16,9,0,0,0,10,85,5,0,1,77,1,"ECIR",NA,NA,NA,NA,"YES","SAL",1
"126","STRM04-OCC-009","STRM04","2023-04-05","STRM04-1-4",1,"R",20,9,0,16,12,0,0,20,30,40,10,0,2,180,1,"DCHE",NA,NA,NA,NA,"YES","SAL",1
"127","STRM04-OCC-010","STRM04","2023-04-05","STRM04-1-4",1,"R",8,6,0,25,9,5,5,5,5,70,10,0,0.1,48,1,"DPER",NA,NA,NA,NA,"YES","SAL",1
"128","STRM04-OCC-011","STRM04","2023-04-05","STRM04-1-4",1,"R",17,11,0,24,15,0,20,0,0,75,5,0,1,187,1,"DPER",NA,NA,NA,NA,"YES","SAL",1
"129","STRM04-OCC-012","STRM04","2023-04-05","STRM04-1-5",1,"R",16,7,0,100,10,0,5,0,10,75,10,0,1,112,1,"DPER",53,94,3,2.6,"NO","SAL",1
"130","STRM04-OCC-013","STRM04","2023-04-05","STRM04-1-5",1,"R",13,7,10,81,12,5,0,0,5,80,10,0,0,91,1,"DPER",NA,NA,NA,NA,"YES","SAL",1
"131","STRM04-OCC-014","STRM04","2023-04-05","STRM04-1-5",1,"R",9,4.5,0,38,9,5,0,5,35,50,5,0,1.5,40.5,1,"ECIR",NA,NA,NA,NA,"YES","SAL",1
"132","STRM04-OCC-015","STRM04","2023-04-05","STRM04-1-5",1,"R",11,5,0,31,10,5,0,5,0,85,5,0,0.5,55,1,"DCHE",39,70,3,1.6,"NO","SAL",1
"133","STRM04-OCC-016","STRM04","2023-04-05","STRM04-1-5",1,"B",NA,NA,16,57,14,0,5,0,22.5,70,2.5,0,0,NA,1,"DCHE",73,131,3,6.7,"NO","SAL",1
"134","STRM04-VAC-001","STRM04","2023-04-05","STRM04-1-1",0,"R",5,5,11,NA,NA,0,35,0,10,50,0,5,0,25,NA,NA,NA,NA,NA,NA,NA,NA,1
"135","STRM04-VAC-002","STRM04","2023-04-05","STRM04-1-2",0,"R",9,3.5,5,NA,NA,2.5,2.5,0,30,65,0,0,0,31.5,NA,NA,NA,NA,NA,NA,NA,NA,1
"136","STRM04-VAC-003","STRM04","2023-04-05","STRM04-1-2",0,"R",11,9,0,NA,NA,15,10,0,40,25,10,0,1,99,NA,NA,NA,NA,NA,NA,NA,NA,1
"137","STRM04-VAC-004","STRM04","2023-04-05","STRM04-1-3",0,"R",7.5,5.5,0,NA,NA,10,0,0,45,45,0,0,1,41.25,NA,NA,NA,NA,NA,NA,NA,NA,1
"138","STRM04-VAC-005","STRM04","2023-04-05","STRM04-1-3",0,"R",18,8,0,NA,NA,0,5,5,0,80,10,0,0.1,144,NA,NA,NA,NA,NA,NA,NA,NA,1
"139","STRM04-VAC-006","STRM04","2023-04-05","STRM04-1-4",0,"R",8,4,15,NA,NA,5,0,10,30,45,10,0,0,32,NA,NA,NA,NA,NA,NA,NA,NA,1
"140","STRM04-VAC-007","STRM04","2023-04-05","STRM04-1-4",0,"R",9,4,0,NA,NA,10,0,0,10,75,5,0,1.5,36,NA,NA,NA,NA,NA,NA,NA,NA,1
"141","STRM04-VAC-008","STRM04","2023-04-05","STRM04-1-4",0,"R",1,6,6,NA,NA,0,0,0,30,65,5,0,0,6,NA,NA,NA,NA,NA,NA,NA,NA,1
"142","STRM04-VAC-009","STRM04","2023-04-05","STRM04-1-4",0,"R",12,9,0,NA,NA,20,5,0,5,60,10,0,1.5,108,NA,NA,NA,NA,NA,NA,NA,NA,1
"143","STRM04-VAC-010","STRM04","2023-04-05","STRM04-1-4",0,"L",19,13,0,NA,NA,0,0,0,0,95,5,0,1,247,NA,NA,NA,NA,NA,NA,NA,NA,1
"144","STRM04-VAC-011","STRM04","2023-04-05","STRM04-1-4",0,"L",16,8,14,NA,NA,0,0,0,20,75,5,0,0,128,NA,NA,NA,NA,NA,NA,NA,NA,1
"145","STRM04-VAC-012","STRM04","2023-04-05","STRM04-1-5",0,"R",11,10,0,NA,NA,0,5,0,10,75,10,0,0.1,110,NA,NA,NA,NA,NA,NA,NA,NA,1
"146","STRM04-VAC-013","STRM04","2023-04-05","STRM04-1-5",0,"R",8,7,0,NA,NA,5,0,0,25,65,5,0,1,56,NA,NA,NA,NA,NA,NA,NA,NA,1
"147","STRM04-VAC-014","STRM04","2023-04-05","STRM04-1-5",0,"R",11,8,0,NA,NA,20,0,25,5,45,5,0,1.5,88,NA,NA,NA,NA,NA,NA,NA,NA,1
"148","STRM04-VAC-015","STRM04","2023-04-05","STRM04-1-5",0,"R",11,5,0,NA,NA,2.5,0,2.5,10,80,5,0,0.1,55,NA,NA,NA,NA,NA,NA,NA,NA,1
"149","STRM04-VAC-016","STRM04","2023-04-05","STRM04-1-5",0,"R",8.5,6,0,NA,NA,0,0,5,35,55,5,0,0.1,51,NA,NA,NA,NA,NA,NA,NA,NA,1
"150","STRM05-OCC-001","STRM05","2023-04-07","STRM05-1-1",1,"W",92,12,0,160,14,5,45,0,0,50,0,0,2.5,1104,1,"DPER",50,98,3,2.4,"NO","SAL",0
"151","STRM05-OCC-001","STRM05","2023-04-07","STRM05-1-1",1,"W",92,12,0,160,14,5,45,0,0,50,0,0,2.5,1104,2,"DPER",60,106,3,3.1,"NO","SAL",0
"152","STRM05-OCC-002","STRM05","2023-04-07","STRM05-1-1",1,"R",10.5,7,0,160,11,80,0,10,0,10,0,0,5,73.5,1,"ECIR",NA,NA,NA,NA,"YES","SAL",0
"153","STRM05-OCC-003","STRM05","2023-04-07","STRM05-1-2",1,"R",12,10,26,105,14,30,0,40,10,20,0,0,0,120,1,"DPER",43,84,3,1.3,"NO","SAL",0
"154","STRM05-OCC-004","STRM05","2023-04-07","STRM05-1-2",1,"L",18,12,12,79,10,0,0,0,15,85,0,0,0,216,2,"DPER",58,103,3,3,"NO","SAL",0
"155","STRM05-OCC-004","STRM05","2023-04-07","STRM05-1-2",1,"L",18,12,12,79,10,0,0,0,15,85,0,0,0,216,1,"DPER",42,79,3,1.3,"NO","SAL",0
"156","STRM05-OCC-005","STRM05","2023-04-07","STRM05-1-3",1,"R",12,8,0,67,13,10,5,80,0,5,0,0,1.5,96,1,"ECIR",48,78,3,1,"NO","SAL",0
"157","STRM05-OCC-006","STRM05","2023-04-07","STRM05-1-3",1,"R",19,8,0,67,7,35,0,10,30,25,0,0,3,152,1,"DPER",NA,NA,NA,NA,"YES","SAL",0
"158","STRM05-OCC-007","STRM05","2023-04-07","STRM05-1-4",1,"R",11,9,0,23,8,45,10,30,10,0,5,0,7.5,99,1,"CAM",12,25,3,0.5,"NO","CRAY",0
"159","STRM05-OCC-008","STRM05","2023-04-07","STRM05-1-4",1,"L",17,6,0,23,10,5,10,0,20,60,5,0,7,102,1,"ECIR",45,78,3,1.1,"NO","SAL",0
"160","STRM05-OCC-009","STRM05","2023-04-07","STRM05-1-5",1,"R",16,14,0,32,13,15,0,80,5,0,0,0,4.5,224,1,"ECIR",42,75,3,1.1,"NO","SAL",0
"161","STRM05-OCC-010","STRM05","2023-04-07","STRM05-1-5",1,"O",NA,NA,0,NA,NA,10,0,60,15,5,10,0,9,NA,1,"CAM",16,36,3,1.2,"NO","CRAY",0
"162","STRM05-OCC-011","STRM05","2023-04-07","STRM05-1-5",1,"L",40,24,16,95,13,5,0,0,0,85,10,0,0,960,1,"ECIR",NA,NA,NA,NA,"YES","SAL",0
"163","STRM05-OCC-012","STRM05","2023-04-07","STRM05-1-5",1,"R",22,18,0,94,15,75,0,5,15,5,0,0,4,396,1,"CAM",17,34,3,1.4,"NO","CRAY",0
"164","STRM05-VAC-001","STRM05","2023-04-07","STRM05-1-1",0,"R",12,7.5,20,NA,NA,70,0,25,0,5,0,0,0,90,NA,NA,NA,NA,NA,NA,NA,NA,0
"165","STRM05-VAC-002","STRM05","2023-04-07","STRM05-1-1",0,"R",11,8,0,NA,NA,75,0,10,0,15,0,0,4,88,NA,NA,NA,NA,NA,NA,NA,NA,0
"166","STRM05-VAC-003","STRM05","2023-04-07","STRM05-1-2",0,"R",9,5,16,NA,NA,10,0,55,15,20,0,0,0,45,NA,NA,NA,NA,NA,NA,NA,NA,0
"167","STRM05-VAC-004","STRM05","2023-04-07","STRM05-1-2",0,"R",7,6,9,NA,NA,60,5,10,0,20,5,0,0,42,NA,NA,NA,NA,NA,NA,NA,NA,0
"168","STRM05-VAC-005","STRM05","2023-04-07","STRM05-1-3",0,"R",8,6,0,NA,NA,25,5,35,15,20,0,0,4,48,NA,NA,NA,NA,NA,NA,NA,NA,0
"169","STRM05-VAC-006","STRM05","2023-04-07","STRM05-1-3",0,"R",7.5,5,0,NA,NA,60,0,10,10,20,0,0,1,37.5,NA,NA,NA,NA,NA,NA,NA,NA,0
"170","STRM05-VAC-007","STRM05","2023-04-07","STRM05-1-4",0,"R",11,4,0,NA,NA,65,10,5,20,0,0,0,5,44,NA,NA,NA,NA,NA,NA,NA,NA,0
"171","STRM05-VAC-008","STRM05","2023-04-07","STRM05-1-4",0,"R",12,8,0,NA,NA,25,0,25,0,45,5,0,10,96,NA,NA,NA,NA,NA,NA,NA,NA,0
"172","STRM05-VAC-009","STRM05","2023-04-07","STRM05-1-5",0,"R",9,9,0,NA,NA,75,10,0,0,5,10,0,4,81,NA,NA,NA,NA,NA,NA,NA,NA,0
"173","STRM05-VAC-010","STRM05","2023-04-07","STRM05-1-5",0,"O",NA,NA,0,NA,NA,30,5,65,0,0,0,0,2,NA,NA,NA,NA,NA,NA,NA,NA,NA,0
"174","STRM05-VAC-011","STRM05","2023-04-07","STRM05-1-5",0,"R",17,14,0,NA,NA,0,0,75,0,20,5,0,2,238,NA,NA,NA,NA,NA,NA,NA,NA,0
"175","STRM05-VAC-012","STRM05","2023-04-07","STRM05-1-5",0,"R",16,10,0,NA,NA,20,0,5,60,15,0,0,3,160,NA,NA,NA,NA,NA,NA,NA,NA,0
"176","STRM06-OCC-001","STRM06","2023-04-09","STRM06-1-1",1,"R",22,13,64,46,24,70,0,10,5,5,0,10,0,286,1,"DPER",60,111,3,4.1,"YES","SAL",1
"177","STRM06-OCC-002","STRM06","2023-04-09","STRM06-1-1",1,"R",22,14,49,46,12,35,30,5,30,0,0,0,0,308,1,"DPER",44,94,3,2.3,"YES","SAL",1
"178","STRM06-OCC-003","STRM06","2023-04-09","STRM06-1-2",1,"R",18,14,0,26,11,15,0,15,65,5,0,0,4.5,252,1,"CAM",29,61,3,6.4,"NO","CRAY",1
"179","STRM06-OCC-004","STRM06","2023-04-09","STRM06-1-2",1,"R",15,7,0,26,11,0,0,20,80,0,0,0,2,105,1,"CAM",NA,NA,NA,NA,"YES","CRAY",1
"180","STRM06-OCC-005","STRM06","2023-04-09","STRM06-1-2",1,"R",18,14,0,NA,NA,30,0,30,40,0,0,0,4,252,1,"CAM",22,46,3,2.5,"NO","CRAY",1
"181","STRM06-OCC-006","STRM06","2023-04-09","STRM06-1-2",1,"R",17,14,0,32,21,20,0,60,5,15,0,0,1.5,238,1,"ECIR",45,82,3,1.4,"NO","SAL",1
"182","STRM06-OCC-007","STRM06","2023-04-09","STRM06-1-2",1,"R",21,21,0,24,9,30,5,30,20,15,0,0,4,441,1,"DCHE",59,101,3,3.5,"NO","SAL",1
"183","STRM06-OCC-008","STRM06","2023-04-09","STRM06-1-3",1,"R",24,14,0,78,11,10,20,5,45,20,0,0,3,336,1,"DPER",49,79,3,2.6,"NO","SAL",1
"184","STRM06-OCC-009","STRM06","2023-04-09","STRM06-1-3",1,"R",15,12,0,74,10,0,15,50,30,5,0,0,4,180,1,"DPER",46,95,3,1.7,"NO","SAL",1
"185","STRM06-OCC-010","STRM06","2023-04-09","STRM06-1-3",1,"R",38,19,0,77,12,30,5,40,10,15,0,0,9,722,1,"CAM",21,46,3,2.7,"NO","CRAY",1
"186","STRM06-OCC-011","STRM06","2023-04-09","STRM06-1-4",1,"R",21,14,0,59,18,40,30,5,10,15,0,0,10,294,1,"PSRUB",58,90,3,4.6,"NO","SAL",1
"187","STRM06-OCC-012","STRM06","2023-04-09","STRM06-1-4",1,"R",30,9,0,59,14,20,5,50,15,5,0,5,8,270,1,"CAM",22,51,3,3.1,"NO","CRAY",1
"188","STRM06-OCC-013","STRM06","2023-04-09","STRM06-1-4",1,"R",10,8,0,24,5,15,0,50,32.5,0,0,2.5,2,80,1,"CAM",21,47,3,2.5,"NO","CRAY",1
"189","STRM06-OCC-014","STRM06","2023-04-09","STRM06-1-4",1,"R",11,6,0,24,6,35,0,15,45,5,0,0,1,66,1,"ECIR",NA,NA,NA,NA,"YES","SAL",1
"190","STRM06-OCC-015","STRM06","2023-04-09","STRM06-1-4",1,"R",28,24,0,19,18,25,5,0,70,0,0,0,11,672,1,"CAM",26,52,3,3.5,"NO","CRAY",1
"191","STRM06-OCC-016","STRM06","2023-04-09","STRM06-1-4",1,"R",24,17,0,24,16,0,0,50,45,5,0,0,12,408,2,"CAM",21,45,3,3,"NO","CRAY",1
"192","STRM06-OCC-016","STRM06","2023-04-09","STRM06-1-4",1,"R",24,17,0,24,16,0,0,50,45,5,0,0,12,408,1,"CAM",23,46,3,2.8,"NO","CRAY",1
"193","STRM06-OCC-017","STRM06","2023-04-09","STRM06-1-5",1,"R",28,21,0,44,21,35,0,30,35,0,0,0,11,588,1,"CAM",23,44,3,2.4,"NO","CRAY",1
"194","STRM06-OCC-018","STRM06","2023-04-09","STRM06-1-5",1,"R",24,6,0,44,7,5,0,50,45,0,0,0,8,144,1,"CAM",17,33,3,1,"NO","CRAY",1
"195","STRM06-OCC-019","STRM06","2023-04-09","STRM06-1-5",1,"R",26,24,6,46,11,0,20,0,50,15,0,15,0,624,1,"DPER",55,89,3,3.7,"NO","SAL",1
"196","STRM06-OCC-020","STRM06","2023-04-09","STRM06-1-5",1,"R",17,13,0,44,14,50,0,15,30,0,5,0,2,221,1,"CAM",19,35,3,1.4,"NO","CRAY",1
"197","STRM06-OCC-021","STRM06","2023-04-09","STRM06-1-5",1,"R",15,11,0,43,13,60,0,10,25,5,0,0,6,165,1,"CAM",24,44,3,2.5,"NO","CRAY",1
"198","STRM06-OCC-022","STRM06","2023-04-09","STRM06-1-5",1,"R",21,12,0,130,8,35,10,35,15,5,0,0,3,252,1,"CAM",29,53,3,3.4,"NO","CRAY",1
"199","STRM06-OCC-023","STRM06","2023-04-09","STRM06-1-5",1,"R",29,17,0,58,14,10,10,50,30,0,0,0,8,493,1,"CAM",24,47,3,2.5,"NO","CRAY",1
"200","STRM06-OCC-024","STRM06","2023-04-09","STRM06-1-5",1,"R",24,11,0,26,16,25,0,30,25,5,0,15,0.1,264,1,"DPER",45,85,3,1.5,"NO","SAL",1
"201","STRM06-OCC-025","STRM06","2023-04-09","STRM06-1-5",1,"R",23,11,0,26,7,0,10,0,70,20,0,0,8,253,1,"CAM",26,50,3,3.8,"NO","CRAY",1
"202","STRM06-VAC-001","STRM06","2023-04-09","STRM06-1-1",0,"R",14,11,82,NA,NA,10,40,5,20,5,0,20,0,154,NA,NA,NA,NA,NA,NA,NA,NA,1
"203","STRM06-VAC-002","STRM06","2023-04-09","STRM06-1-1",0,"R",8,6,67,NA,NA,20,5,15,15,5,0,40,0,48,NA,NA,NA,NA,NA,NA,NA,NA,1
"204","STRM06-VAC-003","STRM06","2023-04-09","STRM06-1-2",0,"R",10,6,0,NA,NA,0,0,45,55,0,0,0,5.5,60,NA,NA,NA,NA,NA,NA,NA,NA,1
"205","STRM06-VAC-004","STRM06","2023-04-09","STRM06-1-2",0,"R",9,7,0,NA,NA,0,0,20,75,5,0,0,2,63,NA,NA,NA,NA,NA,NA,NA,NA,1
"206","STRM06-VAC-005","STRM06","2023-04-09","STRM06-1-2",0,"R",14,9,0,NA,NA,40,15,25,20,0,0,0,6,126,NA,NA,NA,NA,NA,NA,NA,NA,1
"207","STRM06-VAC-006","STRM06","2023-04-09","STRM06-1-2",0,"R",14,6,0,NA,NA,20,10,15,45,10,0,0,4,84,NA,NA,NA,NA,NA,NA,NA,NA,1
"208","STRM06-VAC-007","STRM06","2023-04-09","STRM06-1-2",0,"R",12,12,0,NA,NA,60,0,35,5,0,0,0,5,144,NA,NA,NA,NA,NA,NA,NA,NA,1
"209","STRM06-VAC-008","STRM06","2023-04-09","STRM06-1-2",0,"R",8,7,0,NA,NA,60,10,10,10,10,0,0,4,56,NA,NA,NA,NA,NA,NA,NA,NA,1
"210","STRM06-VAC-009","STRM06","2023-04-09","STRM06-1-3",0,"R",11,8,0,NA,NA,25,30,10,35,0,0,0,7,88,NA,NA,NA,NA,NA,NA,NA,NA,1
"211","STRM06-VAC-010","STRM06","2023-04-09","STRM06-1-3",0,"R",22,11,0,NA,NA,45,0,50,0,5,0,0,10,242,NA,NA,NA,NA,NA,NA,NA,NA,1
"212","STRM06-VAC-011","STRM06","2023-04-09","STRM06-1-4",0,"R",14,7,32,NA,NA,55,0,45,0,0,0,0,0,98,NA,NA,NA,NA,NA,NA,NA,NA,1
"213","STRM06-VAC-012","STRM06","2023-04-09","STRM06-1-4",0,"R",10,7,0,NA,NA,30,0,55,15,0,0,0,0.1,70,NA,NA,NA,NA,NA,NA,NA,NA,1
"214","STRM06-VAC-013","STRM06","2023-04-09","STRM06-1-4",0,"R",18,8,0,NA,NA,25,0,15,55,5,0,0,2,144,NA,NA,NA,NA,NA,NA,NA,NA,1
"215","STRM06-VAC-014","STRM06","2023-04-09","STRM06-1-4",0,"R",10,9,0,NA,NA,60,0,0,40,0,0,0,8,90,NA,NA,NA,NA,NA,NA,NA,NA,1
"216","STRM06-VAC-015","STRM06","2023-04-09","STRM06-1-4",0,"R",9,6,0,NA,NA,20,0,15,65,0,0,0,8,54,NA,NA,NA,NA,NA,NA,NA,NA,1
"217","STRM06-VAC-016","STRM06","2023-04-09","STRM06-1-5",0,"R",20,14,0,NA,NA,20,10,20,45,5,0,0,3,280,NA,NA,NA,NA,NA,NA,NA,NA,1
"218","STRM06-VAC-017","STRM06","2023-04-09","STRM06-1-5",0,"R",23,9,0,NA,NA,35,0,35,30,0,0,0,6,207,NA,NA,NA,NA,NA,NA,NA,NA,1
"219","STRM06-VAC-018","STRM06","2023-04-09","STRM06-1-5",0,"R",19,19,0,NA,NA,45,0,45,10,0,0,0,7,361,NA,NA,NA,NA,NA,NA,NA,NA,1
"220","STRM06-VAC-019","STRM06","2023-04-09","STRM06-1-5",0,"R",7,6,0,NA,NA,5,80,0,15,0,0,0,1.5,42,NA,NA,NA,NA,NA,NA,NA,NA,1
"221","STRM06-VAC-020","STRM06","2023-04-09","STRM06-1-5",0,"R",34,21,0,NA,NA,85,0,15,0,0,0,0,5,714,NA,NA,NA,NA,NA,NA,NA,NA,1
"222","STRM06-VAC-021","STRM06","2023-04-09","STRM06-1-5",0,"R",16,11,0,NA,NA,50,0,30,20,0,0,0,6,176,NA,NA,NA,NA,NA,NA,NA,NA,1
"223","STRM06-VAC-022","STRM06","2023-04-09","STRM06-1-5",0,"R",19,18,0,NA,NA,15,20,5,40,10,10,0,0.1,342,NA,NA,NA,NA,NA,NA,NA,NA,1
"224","STRM06-VAC-023","STRM06","2023-04-09","STRM06-1-5",0,"R",26,19,0,NA,NA,25,0,25,50,0,0,0,8.5,494,NA,NA,NA,NA,NA,NA,NA,NA,1
"225","STRM06-VAC-024","STRM06","2023-04-09","STRM06-1-5",0,"R",11.5,5,8,NA,NA,30,0,30,30,0,0,10,0,57.5,NA,NA,NA,NA,NA,NA,NA,NA,1
"226","STRM06-VAC-025","STRM06","2023-04-09","STRM06-1-5",0,"R",18,10,0,NA,NA,35,10,35,20,0,0,0,3,180,NA,NA,NA,NA,NA,NA,NA,NA,1
"227","STRM07-OCC-001","STRM07","2023-04-12","STRM07-1-1",1,"W",74,17,0,62,9,0,10,0,55,20,15,0,5,1258,1,"SAL",NA,NA,NA,NA,"YES","SAL",1
"228","STRM07-OCC-002","STRM07","2023-04-12","STRM07-1-1",1,"R",28,12,0,62,15,0,10,50,40,0,0,0,3,336,1,"DCHE",NA,NA,NA,NA,"YES","SAL",1
"229","STRM07-OCC-004","STRM07","2023-04-12","STRM07-1-1",1,"R",11,8,0,20,8,40,0,35,20,5,0,0,1.5,88,1,"CHOW",12,21,3,NA,"NO","CRAY",1
"230","STRM07-OCC-005","STRM07","2023-04-12","STRM07-1-1",1,"R",10,7,15,33,11,0,20,0,70,10,0,0,0,70,1,"DCHE",34,67,3,1.3,"NO","SAL",1
"231","STRM07-OCC-006","STRM07","2023-04-12","STRM07-1-1",1,"R",25,25,0,39,22,65,15,0,20,0,0,0,4,625,1,"DPER",NA,NA,NA,NA,"YES","SAL",1
"232","STRM07-OCC-007","STRM07","2023-04-12","STRM07-1-1",1,"O",NA,NA,0,NA,NA,20,35,5,35,5,0,0,4.5,NA,1,"CHOW",23,48,3,3.8,"NO","CRAY",1
"233","STRM07-OCC-008","STRM07","2023-04-12","STRM07-1-1",1,"B",NA,NA,54,16,26,0,0,0,0,100,0,0,0,NA,1,"PSRUB",NA,NA,NA,NA,"YES","SAL",1
"234","STRM07-OCC-009","STRM07","2023-04-12","STRM07-1-1",1,"R",30,10,43,19,46,0,75,0,5,20,0,0,0,300,1,"DCHE",63,112,3,5.5,"NO","SAL",1
"235","STRM07-OCC-010","STRM07","2023-04-12","STRM07-1-1",1,"R",47,46,35,19,36,0,90,0,0,10,0,0,0,2162,1,"CHOW",35,66,3,9.4,"NO","CRAY",1
"236","STRM07-OCC-010","STRM07","2023-04-12","STRM07-1-1",1,"R",47,46,35,19,36,0,90,0,0,10,0,0,0,2162,2,"CHOW",13,25,3,0.6,"NO","CRAY",1
"237","STRM07-OCC-011","STRM07","2023-04-12","STRM07-1-2",1,"R",14,9,0,32,12,0,40,0,0,55,5,0,4,126,1,"CHOW",26,52,3,5.6,"NO","CRAY",1
"238","STRM07-OCC-012","STRM07","2023-04-12","STRM07-1-2",1,"R",46,33,0,39,31,0,45,0,10,45,0,0,2,1518,1,"DCHE",63,131,3,12.5,"NO","SAL",1
"239","STRM07-OCC-012","STRM07","2023-04-12","STRM07-1-2",1,"R",46,33,0,39,31,0,45,0,10,45,0,0,2,1518,2,"DCHE",NA,NA,NA,NA,"YES","SAL",1
"240","STRM07-OCC-013","STRM07","2023-04-12","STRM07-1-3",1,"L",31,12,0,86,7,0,0,0,35,30,35,0,0.1,372,1,"DPER",44,95,3,2.7,"NO","SAL",1
"241","STRM07-OCC-014","STRM07","2023-04-12","STRM07-1-3",1,"R",19,10,12,85,9,0,20,5,60,5,10,0,0,190,1,"DPER",NA,NA,NA,NA,"YES","SAL",1
"242","STRM07-OCC-015","STRM07","2023-04-12","STRM07-1-3",1,"R",23,18,0,85,21,20,0,15,20,45,0,0,3,414,1,"DCHE",47,78,3,2.4,"NO","SAL",1
"243","STRM07-OCC-015","STRM07","2023-04-12","STRM07-1-3",1,"R",23,18,0,85,21,20,0,15,20,45,0,0,3,414,2,"DPER",NA,NA,NA,NA,"YES","SAL",1
"244","STRM07-OCC-016","STRM07","2023-04-12","STRM07-1-3",1,"R",17,8,0,85,19,0,5,35,40,20,0,0,1,136,1,"DCHE",41,89,3,1.8,"NO","SAL",1
"245","STRM07-OCC-017","STRM07","2023-04-12","STRM07-1-4",1,"R",18,11,21,28,19,35,0,25,25,15,0,0,0,198,1,"DCHE",41,80,3,1.7,"NO","SAL",1
"246","STRM07-OCC-018","STRM07","2023-04-12","STRM07-1-4",1,"R",11,9,36,28,12,15,0,25,45,15,0,0,0,99,1,"ECIR",44,86,3,1.4,"NO","SAL",1
"247","STRM07-OCC-019","STRM07","2023-04-12","STRM07-1-3",1,"W",64,13,8,67,23,0,20,0,0,80,0,0,0,832,1,"DPER",47,81,3,2.6,"NO","SAL",1
"248","STRM07-OCC-020","STRM07","2023-04-12","STRM07-1-4",1,"R",11,11,7,51,22,0,5,30,65,0,0,0,0,121,1,"DCHE",39,85,3,2.5,"NO","SAL",1
"249","STRM07-OCC-021","STRM07","2023-04-12","STRM07-1-4",1,"R",28,22,0,51,25,0,70,20,10,0,0,0,3,616,1,"DCHE",49,84,3,3.4,"NO","SAL",1
"250","STRM07-OCC-022","STRM07","2023-04-12","STRM07-1-5",1,"R",31,22,0,47,10,0,0,15,75,10,0,0,4,682,1,"DCHE",80,125,3,10.7,"NO","SAL",1
"251","STRM07-OCC-023","STRM07","2023-04-12","STRM07-1-5",1,"R",21,13,36,94,28,0,10,0,0,90,0,0,0,273,1,"ECIR",41,87,3,1.8,"NO","SAL",1
"252","STRM07-OCC-024","STRM07","2023-04-12","STRM07-1-5",1,"R",19,8,0,92,16,40,40,10,0,10,0,0,6,152,1,"ECIR",44,90,3,1.5,"NO","SAL",1
"253","STRM07-OCC-025","STRM07","2023-04-12","STRM07-1-5",1,"R",26,19,0,36,21,10,30,40,15,5,0,0,2,494,1,"CAM",19,40,3,1.7,"NO","CRAY",1
"254","STRM07-OCC-026","STRM07","2023-04-12","STRM07-1-5",1,"R",18,11,0,96,11,70,10,0,20,0,0,0,5,198,1,"DCHE",69,138,3,9.6,"NO","SAL",1
"255","STRM07-OCC-027","STRM07","2023-04-12","STRM07-1-5",1,"B",NA,NA,0,27,7,0,5,20,70,5,0,0,0.5,NA,1,"DCHE",70,117,3,9.6,"NO","SAL",1
"256","STRM07-VAC-001","STRM07","2023-04-12","STRM07-1-1",0,"W",46,6,0,NA,NA,5,10,10,60,15,0,0,0.1,276,NA,NA,NA,NA,NA,NA,NA,NA,1
"257","STRM07-VAC-002","STRM07","2023-04-12","STRM07-1-1",0,"R",8,6,18,NA,NA,15,15,0,35,35,0,0,0,48,NA,NA,NA,NA,NA,NA,NA,NA,1
"258","STRM07-VAC-004","STRM07","2023-04-12","STRM07-1-1",0,"R",21,21,0,NA,NA,45,10,5,15,25,0,0,6,441,NA,NA,NA,NA,NA,NA,NA,NA,1
"259","STRM07-VAC-005","STRM07","2023-04-12","STRM07-1-1",0,"R",21,10,0,NA,NA,5,0,0,90,5,0,0,9,210,NA,NA,NA,NA,NA,NA,NA,NA,1
"260","STRM07-VAC-006","STRM07","2023-04-12","STRM07-1-1",0,"R",25,17,0,NA,NA,45,35,12.5,2.5,5,0,0,3,425,NA,NA,NA,NA,NA,NA,NA,NA,1
"261","STRM07-VAC-008","STRM07","2023-04-12","STRM07-1-1",0,"R",18,16,0,NA,NA,50,20,0,20,10,0,0,5,288,NA,NA,NA,NA,NA,NA,NA,NA,1
"262","STRM07-VAC-009","STRM07","2023-04-12","STRM07-1-1",0,"R",19,18,0,NA,NA,0,10,70,0,0,20,0,6,342,NA,NA,NA,NA,NA,NA,NA,NA,1
"263","STRM07-VAC-010","STRM07","2023-04-12","STRM07-1-1",0,"R",16,8,66,NA,NA,0,25,0,30,30,15,0,0,128,NA,NA,NA,NA,NA,NA,NA,NA,1
"264","STRM07-VAC-011","STRM07","2023-04-12","STRM07-1-2",0,"R",37,16,0,NA,NA,0,65,0,0,35,0,0,4,592,NA,NA,NA,NA,NA,NA,NA,NA,1
"265","STRM07-VAC-012","STRM07","2023-04-12","STRM07-1-2",0,"W",36,16,29,NA,NA,0,10,0,20,50,20,0,0,576,NA,NA,NA,NA,NA,NA,NA,NA,1
"266","STRM07-VAC-013","STRM07","2023-04-12","STRM07-1-3",0,"R",10,8,17,NA,NA,5,5,50,30,10,0,0,0,80,NA,NA,NA,NA,NA,NA,NA,NA,1
"267","STRM07-VAC-014","STRM07","2023-04-12","STRM07-1-3",0,"W",39,5,96,NA,NA,0,25,0,0,75,0,0,0,195,NA,NA,NA,NA,NA,NA,NA,NA,1
"268","STRM07-VAC-015","STRM07","2023-04-12","STRM07-1-3",0,"R",18,7,0,NA,NA,10,0,30,55,0,5,0,0.1,126,NA,NA,NA,NA,NA,NA,NA,NA,1
"269","STRM07-VAC-016","STRM07","2023-04-12","STRM07-1-3",0,"R",12,7,23,NA,NA,10,0,5,60,10,15,0,0,84,NA,NA,NA,NA,NA,NA,NA,NA,1
"270","STRM07-VAC-017","STRM07","2023-04-12","STRM07-1-4",0,"R",16,13,17,NA,NA,15,0,15,45,25,0,0,0,208,NA,NA,NA,NA,NA,NA,NA,NA,1
"271","STRM07-VAC-018","STRM07","2023-04-12","STRM07-1-4",0,"R",5,4,41,NA,NA,0,0,60,5,30,5,0,0,20,NA,NA,NA,NA,NA,NA,NA,NA,1
"272","STRM07-VAC-019","STRM07","2023-04-12","STRM07-1-3",0,"R",22,14,33,NA,NA,5,0,55,35,5,0,0,0,308,NA,NA,NA,NA,NA,NA,NA,NA,1
"273","STRM07-VAC-020","STRM07","2023-04-12","STRM07-1-4",0,"R",15,17,0,NA,NA,0,10,20,65,5,0,0,2,255,NA,NA,NA,NA,NA,NA,NA,NA,1
"274","STRM07-VAC-021","STRM07","2023-04-12","STRM07-1-4",0,"R",11,3,0,NA,NA,10,40,40,10,0,0,0,2,33,NA,NA,NA,NA,NA,NA,NA,NA,1
"275","STRM07-VAC-022","STRM07","2023-04-12","STRM07-1-5",0,"R",23,13,12,NA,NA,0,0,5,95,0,0,0,0,299,NA,NA,NA,NA,NA,NA,NA,NA,1
"276","STRM07-VAC-023","STRM07","2023-04-12","STRM07-1-5",0,"W",54,14,0,NA,NA,15,30,5,0,50,0,0,2,756,NA,NA,NA,NA,NA,NA,NA,NA,1
"277","STRM07-VAC-024","STRM07","2023-04-12","STRM07-1-5",0,"R",21,16,15,NA,NA,5,75,0,0,5,15,0,0,336,NA,NA,NA,NA,NA,NA,NA,NA,1
"278","STRM07-VAC-025","STRM07","2023-04-12","STRM07-1-5",0,"R",10,13,0,NA,NA,0,10,30,60,0,0,0,4,130,NA,NA,NA,NA,NA,NA,NA,NA,1
"279","STRM07-VAC-026","STRM07","2023-04-12","STRM07-1-5",0,"R",21,8,0,NA,NA,0,0,0,55,45,0,0,1,168,NA,NA,NA,NA,NA,NA,NA,NA,1
"280","STRM09-OCC-001","STRM09","2023-04-16","STRM09-1-1",1,"R",24,18,0,98,27,15,50,20,10,5,0,0,8,432,1,"CAM",NA,NA,NA,NA,"YES","CRAY",0
"281","STRM09-OCC-002","STRM09","2023-04-16","STRM09-1-1",1,"R",28,21,0,43,31,30,10,0,35,25,0,0,5,588,1,"CAM",18,44,3,1.9,"NO","CRAY",0
"282","STRM09-OCC-003","STRM09","2023-04-16","STRM09-1-1",1,"R",25,18,0,43,20,40,0,20,40,0,0,0,5,450,1,"ECIR",NA,NA,NA,NA,"YES","SAL",0
"283","STRM09-OCC-004","STRM09","2023-04-16","STRM09-1-2",1,"R",11,8,0,103,8,85,0,0,10,5,0,0,4,88,1,"CAM",14,31,3,0.9,"NO","CRAY",0
"284","STRM09-OCC-005","STRM09","2023-04-16","STRM09-1-4",1,"R",18,16,0,29,13,35,5,30,25,5,0,0,7,288,2,"CAM",15,31,3,1.1,"NO","CRAY",0
"285","STRM09-OCC-005","STRM09","2023-04-16","STRM09-1-4",1,"R",18,16,0,29,13,35,5,30,25,5,0,0,7,288,3,"CAM",NA,NA,NA,NA,"YES","CRAY",0
"286","STRM09-OCC-005","STRM09","2023-04-16","STRM09-1-4",1,"R",18,16,0,29,13,35,5,30,25,5,0,0,7,288,1,"CAM",24,42,3,3.4,"NO","CRAY",0
"287","STRM09-OCC-006","STRM09","2023-04-16","STRM09-1-4",1,"R",10,7,0,51,31,80,0,10,10,0,0,0,8,70,1,"ECIR",34,63,3,1.2,"NO","SAL",0
"288","STRM09-OCC-007","STRM09","2023-04-16","STRM09-1-4",1,"O",NA,NA,0,NA,NA,55,0,5,30,5,5,0,4,NA,1,"CAM",23,49,2,2.2,"NO","CRAY",0
"289","STRM09-OCC-008","STRM09","2023-04-16","STRM09-1-4",1,"R",30,28,0,28,27,60,15,15,10,0,0,0,7,840,1,"CAM",18,34,3,0.9,"NO","CRAY",0
"290","STRM09-OCC-009","STRM09","2023-04-16","STRM09-1-5",1,"O",NA,NA,0,NA,NA,85,10,0,5,0,0,0,2,NA,1,"CAM",39,73,3,14.8,"NO","CRAY",0
"291","STRM09-OCC-010","STRM09","2023-04-16","STRM09-1-5",1,"R",36,28,0,57,22,45,0,15,30,10,0,0,4,1008,1,"CAM",31,66,3,10,"NO","CRAY",0
"292","STRM09-OCC-010","STRM09","2023-04-16","STRM09-1-5",1,"R",36,28,0,57,22,45,0,15,30,10,0,0,4,1008,2,"CAM",NA,NA,NA,NA,"YES","CRAY",0
"293","STRM09-OCC-011","STRM09","2023-04-16","STRM09-1-5",1,"R",27,24,0,44,19,30,20,25,15,10,0,0,4,648,1,"CAM",15,32,3,0.7,"NO","CRAY",0
"294","STRM09-OCC-012","STRM09","2023-04-16","STRM09-1-5",1,"R",30,14,0,60,34,50,0,30,20,0,0,0,4,420,1,"CAM",18,32,3,1.1,"NO","CRAY",0
"295","STRM09-OCC-013","STRM09","2023-04-16","STRM09-1-5",1,"R",36,17,0,82,58,75,10,0,15,0,0,0,14,612,1,"CAM",19,37,3,1.1,"NO","CRAY",0
"296","STRM09-OCC-014","STRM09","2023-04-16","STRM09-1-2",1,"O",NA,NA,0,NA,NA,40,20,0,30,10,0,0,5,NA,1,"CAM",20,40,3,2.2,"NO","CRAY",0
"297","STRM09-VAC-001","STRM09","2023-04-16","STRM09-1-1",0,"R",27,15,0,NA,NA,60,10,10,20,0,0,0,9,405,NA,NA,NA,NA,NA,NA,NA,NA,0
"298","STRM09-VAC-002","STRM09","2023-04-16","STRM09-1-1",0,"R",26,14,0,NA,NA,5,20,0,10,55,5,5,0.1,364,NA,NA,NA,NA,NA,NA,NA,NA,0
"299","STRM09-VAC-003","STRM09","2023-04-16","STRM09-1-1",0,"R",14,11,0,NA,NA,90,0,5,5,0,0,0,5,154,NA,NA,NA,NA,NA,NA,NA,NA,0
"300","STRM09-VAC-004","STRM09","2023-04-16","STRM09-1-2",0,"R",18,10,0,NA,NA,75,20,0,5,0,0,0,3,180,NA,NA,NA,NA,NA,NA,NA,NA,0
"301","STRM09-VAC-005","STRM09","2023-04-16","STRM09-1-4",0,"R",9,4,0,NA,NA,55,0,5,40,0,0,0,5.5,36,NA,NA,NA,NA,NA,NA,NA,NA,0
"302","STRM09-VAC-006","STRM09","2023-04-16","STRM09-1-4",0,"R",23,7,0,NA,NA,55,10,5,30,0,0,0,7,161,NA,NA,NA,NA,NA,NA,NA,NA,0
"303","STRM09-VAC-008","STRM09","2023-04-16","STRM09-1-4",0,"R",7.5,7,5,NA,NA,40,0,5,55,0,0,0,0,52.5,NA,NA,NA,NA,NA,NA,NA,NA,0
"304","STRM09-VAC-010","STRM09","2023-04-16","STRM09-1-5",0,"R",11,9,0,NA,NA,10,0,30,55,5,0,0,4,99,NA,NA,NA,NA,NA,NA,NA,NA,0
"305","STRM09-VAC-011","STRM09","2023-04-16","STRM09-1-5",0,"R",35,22,0,NA,NA,0,30,0,70,0,0,0,5,770,NA,NA,NA,NA,NA,NA,NA,NA,0
"306","STRM09-VAC-012","STRM09","2023-04-16","STRM09-1-5",0,"R",15,9,0,NA,NA,65,20,0,15,0,0,0,5,135,NA,NA,NA,NA,NA,NA,NA,NA,0
"307","STRM09-VAC-013","STRM09","2023-04-16","STRM09-1-5",0,"R",14,14,0,NA,NA,5,5,30,35,25,0,0,0.1,196,NA,NA,NA,NA,NA,NA,NA,NA,0
"308","STRM08-OCC-001","STRM08","2023-04-16","STRM08-1-1",1,"R",24,8,16,15,13,0,45,0,45,10,0,0,0,192,1,"DPER",47,73,2,2.5,"NO","SAL",1
"309","STRM08-OCC-002","STRM08","2023-04-16","STRM08-1-1",1,"R",11,8,26,15,18,0,15,0,75,10,0,0,0,88,1,"DPER",39,73,3,1.5,"NO","SAL",1
"310","STRM08-OCC-003","STRM08","2023-04-16","STRM08-1-2",1,"R",12,9,33,53,11,5,0,10,80,5,0,0,0,108,1,"DPER",50,95,3,2.9,"NO","SAL",1
"311","STRM08-OCC-004","STRM08","2023-04-16","STRM08-1-2",1,"R",16,11,0,53,12,35,0,20,45,0,0,0,1,176,1,"CHOW",13,22,3,1.1,"NO","CRAY",1
"312","STRM08-OCC-005","STRM08","2023-04-16","STRM08-1-3",1,"R",12,12,0,24,14,0,0,40,10,45,0,5,2,144,1,"DCHE",NA,NA,NA,NA,"YES","SAL",1
"313","STRM08-OCC-006","STRM08","2023-04-16","STRM08-1-3",1,"R",23,12,0,24,16,15,0,30,30,25,0,0,3,276,1,"DCHE",NA,NA,NA,NA,"YES","SAL",1
"314","STRM08-OCC-007","STRM08","2023-04-16","STRM08-1-3",1,"R",28,17,0,99,18,15,0,5,35,45,0,0,1,476,1,"DPER",NA,NA,NA,NA,"YES","SAL",1
"315","STRM08-OCC-008","STRM08","2023-04-16","STRM08-1-5",1,"R",28,21,0,65,27,20,10,5,45,20,0,0,1.5,588,1,"DPER",NA,NA,NA,NA,"YES","SAL",1
"316","STRM08-OCC-009","STRM08","2023-04-16","STRM08-1-5",1,"R",27,18,0,65,0,0,25,45,30,0,0,0,3,486,1,"DCHE",NA,NA,NA,NA,"YES","SAL",1
"317","STRM08-OCC-010","STRM08","2023-04-16","STRM08-1-5",1,"R",29,17,34,48,18,0,30,0,15,45,10,0,0,493,1,"DPER",24,62,3,1,"NO","SAL",1
"318","STRM08-OCC-011","STRM08","2023-04-16","STRM08-1-5",1,"R",33,21,18,48,16,0,20,5,40,30,5,0,0,693,1,"DPER",45,74,3,2.3,"NO","SAL",1
"319","STRM08-VAC-001","STRM08","2023-04-16","STRM08-1-1",0,"R",30,17,0,NA,NA,0,5,0,75,20,0,0,0.1,510,NA,NA,NA,NA,NA,NA,NA,NA,1
"320","STRM08-VAC-002","STRM08","2023-04-16","STRM08-1-1",0,"R",13,11,36,NA,NA,0,20,0,55,25,0,0,0,143,NA,NA,NA,NA,NA,NA,NA,NA,1
"321","STRM08-VAC-003","STRM08","2023-04-16","STRM08-1-2",0,"R",21,7,37,NA,NA,0,5,0,70,25,0,0,0,147,NA,NA,NA,NA,NA,NA,NA,NA,1
"322","STRM08-VAC-004","STRM08","2023-04-16","STRM08-1-2",0,"R",17,6.5,0,NA,NA,0,0,45,30,10,0,15,2,110.5,NA,NA,NA,NA,NA,NA,NA,NA,1
"323","STRM08-VAC-005","STRM08","2023-04-16","STRM08-1-3",0,"R",12,9,0,NA,NA,15,0,5,45,30,0,5,4,108,NA,NA,NA,NA,NA,NA,NA,NA,1
"324","STRM08-VAC-006","STRM08","2023-04-16","STRM08-1-3",0,"R",17,4,0,NA,NA,0,0,70,20,10,0,0,2,68,NA,NA,NA,NA,NA,NA,NA,NA,1
"325","STRM08-VAC-007","STRM08","2023-04-16","STRM08-1-3",0,"R",17,16,0,NA,NA,0,0,5,45,55,0,0,2,272,NA,NA,NA,NA,NA,NA,NA,NA,1
"326","STRM08-VAC-008","STRM08","2023-04-16","STRM08-1-5",0,"R",27,18,0,65,0,0,15,10,45,30,0,0,3,486,NA,NA,NA,NA,NA,NA,NA,NA,1
"327","STRM08-VAC-009","STRM08","2023-04-16","STRM08-1-5",0,"R",45,30,24,NA,NA,0,15,10,75,0,0,0,0,1350,NA,NA,NA,NA,NA,NA,NA,NA,1
"328","STRM08-VAC-010","STRM08","2023-04-16","STRM08-1-5",0,"R",14,6,0,NA,NA,10,5,15,45,20,5,0,0.5,84,NA,NA,NA,NA,NA,NA,NA,NA,1
"329","STRM08-VAC-011","STRM08","2023-04-16","STRM08-1-5",0,"R",13,7,11,NA,NA,0,5,25,40,25,5,0,0,91,NA,NA,NA,NA,NA,NA,NA,NA,1
"330","STRM10-OCC-001","STRM10","2023-04-21","STRM10-1-1",1,"R",21,21,0,145,27,0,90,0,0,10,0,0,5,441,1,"PSRUB",42,81,3,2.4,"NO","SAL",1
"331","STRM10-OCC-001","STRM10","2023-04-21","STRM10-1-1",1,"R",21,21,0,145,27,0,90,0,0,10,0,0,5,441,2,"PSRUB",42,64,3,1.7,"NO","SAL",1
"332","STRM10-OCC-002","STRM10","2023-04-21","STRM10-1-1",1,"W",110,25,34,26,13,0,90,0,10,0,0,0,0,2750,1,"DPER",53,93,3,2.9,"NO","SAL",1
"333","STRM10-OCC-003","STRM10","2023-04-21","STRM10-1-1",1,"R",22,18,0,26,16,0,70,0,0,10,20,0,2,396,1,"CAM",36,71,3,12.5,"NO","CRAY",1
"334","STRM10-OCC-004","STRM10","2023-04-21","STRM10-1-1",1,"R",25,21,0,54,16,0,45,0,20,10,25,0,5,525,1,"CAM",21,49,3,2.6,"NO","CRAY",1
"335","STRM10-OCC-005","STRM10","2023-04-21","STRM10-1-1",1,"R",32,28,0,87,22,80,0,5,10,5,0,0,8,896,1,"CHOW",25,47,3,NA,"NO","CRAY",1
"336","STRM10-OCC-006","STRM10","2023-04-21","STRM10-1-1",1,"R",49,34,0,67,45,65,0,0,15,20,0,0,4.5,1666,1,"CAM",20,44,3,2.7,"NO","CRAY",1
"337","STRM10-OCC-007","STRM10","2023-04-21","STRM10-1-2",1,"R",10,8,0,72,11,20,0,0,75,5,0,0,3.5,80,1,"CAM",15,31,3,1.1,"NO","CRAY",1
"338","STRM10-OCC-008","STRM10","2023-04-21","STRM10-1-2",1,"R",29,16,0,72,15,60,0,0,20,10,10,0,8.5,464,1,"ECIR",45,94,3,1.5,"NO","SAL",1
"339","STRM10-OCC-009","STRM10","2023-04-21","STRM10-1-3",1,"R",27,24,0,105,28,75,10,0,5,5,5,0,10,648,1,"CHOW",24,46,3,NA,"NO","CRAY",1
"340","STRM10-OCC-010","STRM10","2023-04-21","STRM10-1-3",1,"R",17,13,0,62,11,35,0,0,25,40,0,0,5,221,1,"ECIR",NA,NA,NA,NA,"NO","SAL",1
"341","STRM10-OCC-011","STRM10","2023-04-21","STRM10-1-3",1,"R",22,21,0,62,0,70,0,5,25,0,0,0,5,462,1,"CAM",18,39,3,2,"NO","CRAY",1
"342","STRM10-OCC-012","STRM10","2023-04-21","STRM10-1-3",1,"R",27,14,0,77,16,0,50,0,0,25,0,25,7,378,1,"DPER",49,91,2,2.9,"NO","SAL",1
"343","STRM10-OCC-013","STRM10","2023-04-21","STRM10-1-4",1,"R",47,45,0,79,32,70,10,10,0,10,0,0,8,2115,1,"CAM",18,35,3,1.2,"NO","CRAY",1
"344","STRM10-OCC-014","STRM10","2023-04-21","STRM10-1-4",1,"R",11,7,0,62,18,40,0,5,55,0,0,0,9,77,1,"CAM",23,47,3,2.3,"NO","CRAY",1
"345","STRM10-OCC-014","STRM10","2023-04-21","STRM10-1-4",1,"R",11,7,0,62,18,40,0,5,55,0,0,0,9,77,2,"CAM",14,29,3,0.9,"NO","CRAY",1
"346","STRM10-OCC-015","STRM10","2023-04-21","STRM10-1-4",1,"R",26,13,0,42,20,45,5,0,45,5,0,0,4,338,1,"CAM",12,28,3,0.4,"NO","CRAY",1
"347","STRM10-OCC-015","STRM10","2023-04-21","STRM10-1-4",1,"R",26,13,0,42,20,45,5,0,45,5,0,0,4,338,2,"CAM",30,68,3,9,"NO","CRAY",1
"348","STRM10-OCC-016","STRM10","2023-04-21","STRM10-1-5",1,"R",16,18,82,93,32,0,20,5,0,70,0,5,0,288,1,"DPER",42,77,3,1.2,"NO","SAL",1
"349","STRM10-OCC-017","STRM10","2023-04-21","STRM10-1-5",1,"R",38,23,0,115,0,80,0,0,20,0,0,0,12,874,1,"ECIR",47,108,3,2,"NO","SAL",1
"350","STRM10-OCC-018","STRM10","2023-04-21","STRM10-1-5",1,"R",10,7,0,31,18,0,30,0,65,5,0,0,3,70,1,"PSRUB",NA,NA,NA,NA,"YES","SAL",1
"351","STRM10-OCC-019","STRM10","2023-04-21","STRM10-1-5",1,"R",18,16,0,44,9,35,0,0,65,0,0,0,5,288,1,"DCHE",NA,NA,NA,NA,"YES","SAL",1
"352","STRM10-OCC-020","STRM10","2023-04-21","STRM10-1-5",1,"R",59,50,0,44,25,70,0,0,25,5,0,0,7,2950,1,"CAM",32,72,3,10.6,"NO","CRAY",1
"353","STRM10-VAC-001","STRM10","2023-04-21","STRM10-1-1",0,"R",14,10,58,NA,NA,0,45,0,20,35,0,0,0,140,NA,NA,NA,NA,NA,NA,NA,NA,1
"354","STRM10-VAC-002","STRM10","2023-04-21","STRM10-1-1",0,"R",14,13,25,NA,NA,15,20,0,10,30,25,0,0,182,NA,NA,NA,NA,NA,NA,NA,NA,1
"355","STRM10-VAC-003","STRM10","2023-04-21","STRM10-1-1",0,"R",17,11,0,NA,NA,20,20,0,40,10,10,0,3,187,NA,NA,NA,NA,NA,NA,NA,NA,1
"356","STRM10-VAC-004","STRM10","2023-04-21","STRM10-1-1",0,"R",25,12,0,NA,NA,0,70,0,25,5,0,0,0.1,300,NA,NA,NA,NA,NA,NA,NA,NA,1
"357","STRM10-VAC-005","STRM10","2023-04-21","STRM10-1-1",0,"R",27,24,0,NA,NA,75,10,0,0,15,0,0,4,648,NA,NA,NA,NA,NA,NA,NA,NA,1
"358","STRM10-VAC-006","STRM10","2023-04-21","STRM10-1-1",0,"R",44,28,0,NA,NA,85,10,5,0,0,0,0,7,1232,NA,NA,NA,NA,NA,NA,NA,NA,1
"359","STRM10-VAC-007","STRM10","2023-04-21","STRM10-1-2",0,"R",14,8,0,NA,NA,10,5,55,20,10,0,0,2,112,NA,NA,NA,NA,NA,NA,NA,NA,1
"360","STRM10-VAC-008","STRM10","2023-04-21","STRM10-1-2",0,"R",20,17,0,NA,NA,40,0,35,10,15,0,0,4,340,NA,NA,NA,NA,NA,NA,NA,NA,1
"361","STRM10-VAC-009","STRM10","2023-04-21","STRM10-1-3",0,"R",18,17,0,NA,NA,75,10,0,5,10,0,0,4,306,NA,NA,NA,NA,NA,NA,NA,NA,1
"362","STRM10-VAC-010","STRM10","2023-04-21","STRM10-1-3",0,"R",31,25,0,NA,NA,50,5,0,25,25,0,0,4,775,NA,NA,NA,NA,NA,NA,NA,NA,1
"363","STRM10-VAC-011","STRM10","2023-04-21","STRM10-1-3",0,"R",12,5,0,NA,NA,40,20,0,10,30,0,0,4,60,NA,NA,NA,NA,NA,NA,NA,NA,1
"364","STRM10-VAC-012","STRM10","2023-04-21","STRM10-1-3",0,"R",31,20,0,NA,NA,40,0,0,5,55,0,0,6,620,NA,NA,NA,NA,NA,NA,NA,NA,1
"365","STRM10-VAC-013","STRM10","2023-04-21","STRM10-1-4",0,"R",21,7,0,NA,NA,10,0,5,75,10,0,0,9,147,NA,NA,NA,NA,NA,NA,NA,NA,1
"366","STRM10-VAC-014","STRM10","2023-04-21","STRM10-1-4",0,"R",18,8,47,NA,NA,0,5,10,20,65,0,0,0,144,NA,NA,NA,NA,NA,NA,NA,NA,1
"367","STRM10-VAC-015","STRM10","2023-04-21","STRM10-1-4",0,"R",32,15,0,NA,NA,0,60,0,35,5,0,0,1,480,NA,NA,NA,NA,NA,NA,NA,NA,1
"368","STRM10-VAC-016","STRM10","2023-04-21","STRM10-1-5",0,"R",15,12,71,NA,NA,0,20,0,10,70,0,0,0,180,NA,NA,NA,NA,NA,NA,NA,NA,1
"369","STRM10-VAC-017","STRM10","2023-04-21","STRM10-1-5",0,"R",16,8,5,NA,NA,25,0,30,45,0,0,0,0,128,NA,NA,NA,NA,NA,NA,NA,NA,1
"370","STRM10-VAC-018","STRM10","2023-04-21","STRM10-1-5",0,"R",23,22,0,NA,NA,0,75,0,5,20,0,0,2,506,NA,NA,NA,NA,NA,NA,NA,NA,1
"371","STRM10-VAC-019","STRM10","2023-04-21","STRM10-1-5",0,"R",15,11,0,NA,NA,0,0,25,75,0,0,0,7,165,NA,NA,NA,NA,NA,NA,NA,NA,1
"372","STRM10-VAC-020","STRM10","2023-04-21","STRM10-1-5",0,"R",34,17,0,NA,NA,25,0,0,55,15,5,0,4,578,NA,NA,NA,NA,NA,NA,NA,NA,1
"373","STRM11-OCC-001","STRM11","2023-04-26","STRM11-2-1",1,"R",24,7,0,81,8,90,0,0,5,5,0,0,5,168,1,"DPER",48,103,3,2.6,"NO","SAL",0
"374","STRM11-OCC-002","STRM11","2023-04-26","STRM11-2-1",1,"R",10,10,0,81,9,0,35,10,55,0,0,0,1,100,1,"DPER",32,52,3,0.7,"NO","SAL",0
"375","STRM11-OCC-003","STRM11","2023-04-26","STRM11-2-1",1,"R",21,18,82,185,21,0,40,5,0,55,0,0,0,378,1,"DPER",39,72,3,1.1,"NO","SAL",0
"376","STRM11-OCC-004","STRM11","2023-04-26","STRM11-2-1",1,"R",22,10,0,125,14,0,20,0,70,10,0,0,6.5,220,1,"CAM",20,41,3,1.9,"NO","CRAY",0
"377","STRM11-OCC-005","STRM11","2023-04-26","STRM11-2-4",1,"R",32,22,0,25,17,0,40,0,25,35,0,0,3,704,1,"DPER",43,74,3,1.2,"NO","SAL",0
"378","STRM11-OCC-005","STRM11","2023-04-26","STRM11-2-4",1,"R",32,22,0,25,17,0,40,0,25,35,0,0,3,704,2,"DPER",45,73,2,2.6,"NO","SAL",0
"379","STRM11-OCC-005","STRM11","2023-04-26","STRM11-2-4",1,"R",32,22,0,25,17,0,40,0,25,35,0,0,3,704,4,"CAM",23,44,3,2.7,"NO","CRAY",0
"380","STRM11-OCC-005","STRM11","2023-04-26","STRM11-2-4",1,"R",32,22,0,25,17,0,40,0,25,35,0,0,3,704,3,"D",NA,NA,NA,NA,"YES","SAL",0
"381","STRM11-OCC-006","STRM11","2023-04-26","STRM11-2-4",1,"R",14,5,0,25,11,0,10,25,65,0,0,0,3,70,1,"DPER",45,82,3,2.1,"NO","SAL",0
"382","STRM11-OCC-007","STRM11","2023-04-26","STRM11-2-4",1,"R",23,10,0,0,16,20,0,10,70,0,0,0,3,230,1,"DPER",30,58,3,0.7,"NO","SAL",0
"383","STRM11-OCC-008","STRM11","2023-04-26","STRM11-2-4",1,"R",14,7,0,0,16,10,0,15,75,0,0,0,3,98,1,"DPER",54,96,3,2.7,"NO","SAL",0
"384","STRM11-OCC-009","STRM11","2023-04-26","STRM11-2-4",1,"O",NA,NA,45,NA,NA,5,0,15,10,65,0,5,0,NA,1,"DPER",45,96,3,3.2,"NO","SAL",0
"385","STRM11-OCC-010","STRM11","2023-04-26","STRM11-2-5",1,"R",12,4,0,106,12,10,15,40,30,5,0,0,1,48,1,"DPER",39,74,3,1.1,"NO","SAL",0
"386","STRM11-OCC-011","STRM11","2023-04-26","STRM11-2-5",1,"R",29,12,0,28,14,65,0,10,25,0,0,0,4.5,348,1,"DPER",52,94,3,3,"NO","SAL",0
"387","STRM11-OCC-012","STRM11","2023-04-26","STRM11-2-5",1,"R",22,12,0,48,15,15,5,0,10,55,0,15,1.5,264,1,"DPER",33,67,3,0.8,"NO","SAL",0
"388","STRM11-OCC-013","STRM11","2023-04-26","STRM11-2-5",1,"R",8,7,7,9,9,5,0,30,65,0,0,0,0,56,1,"ECIR",NA,NA,NA,NA,"YES","SAL",0
"389","STRM11-OCC-014","STRM11","2023-04-26","STRM11-2-5",1,"R",14,6,0,9,8,5,5,45,40,5,0,0,0.1,84,1,"DPER",NA,NA,NA,NA,"YES","SAL",0
"390","STRM11-OCC-015","STRM11","2023-04-26","STRM11-2-5",1,"R",12,10,0,66,12,10,10,5,70,5,0,0,1,120,1,"D",NA,NA,NA,NA,"NO","SAL",0
"391","STRM11-OCC-016","STRM11","2023-04-26","STRM11-2-5",1,"R",15,7,0,106,20,20,15,10,50,5,0,0,1,105,1,"DPER",45,74,3,1.4,"NO","SAL",0
"392","STRM11-OCC-017","STRM11","2023-04-26","STRM11-2-2",1,"W",58,9,0,190,15,15,5,0,40,40,0,0,11,522,1,"CAM",19,38,3,1.2,"NO","CRAY",0
"393","STRM11-VAC-001","STRM11","2023-04-26","STRM11-2-1",0,"R",13,6.5,0,NA,NA,75,0,0,20,5,0,0,5.5,84.5,NA,NA,NA,NA,NA,NA,NA,NA,0
"394","STRM11-VAC-002","STRM11","2023-04-26","STRM11-2-1",0,"R",16,8,0,NA,NA,0,20,0,65,15,0,0,2,128,NA,NA,NA,NA,NA,NA,NA,NA,0
"395","STRM11-VAC-003","STRM11","2023-04-26","STRM11-2-1",0,"R",10,6,79,NA,NA,0,5,25,25,45,0,0,0,60,NA,NA,NA,NA,NA,NA,NA,NA,0
"396","STRM11-VAC-004","STRM11","2023-04-26","STRM11-2-1",0,"R",16,10,0,NA,NA,0,5,0,0,95,0,0,10,160,NA,NA,NA,NA,NA,NA,NA,NA,0
"397","STRM11-VAC-005","STRM11","2023-04-26","STRM11-2-4",0,"R",14,10,5,NA,NA,0,5,5,85,5,0,0,0,140,NA,NA,NA,NA,NA,NA,NA,NA,0
"398","STRM11-VAC-006","STRM11","2023-04-26","STRM11-2-4",0,"R",8,8,0,NA,NA,0,10,10,70,10,0,0,2,64,NA,NA,NA,NA,NA,NA,NA,NA,0
"399","STRM11-VAC-007","STRM11","2023-04-26","STRM11-2-4",0,"R",15,5,0,NA,NA,0,0,10,65,10,15,0,3,75,NA,NA,NA,NA,NA,NA,NA,NA,0
"400","STRM11-VAC-008","STRM11","2023-04-26","STRM11-2-4",0,"R",13,5,18,NA,NA,10,0,20,65,5,0,0,0,65,NA,NA,NA,NA,NA,NA,NA,NA,0
"401","STRM11-VAC-010","STRM11","2023-04-26","STRM11-2-5",0,"R",28,24,0,NA,NA,60,5,20,15,0,0,0,2,672,NA,NA,NA,NA,NA,NA,NA,NA,0
"402","STRM11-VAC-011","STRM11","2023-04-26","STRM11-2-5",0,"R",19,12,0,NA,NA,0,10,30,55,5,0,0,5,228,NA,NA,NA,NA,NA,NA,NA,NA,0
"403","STRM11-VAC-012","STRM11","2023-04-26","STRM11-2-5",0,"R",13,7,19,NA,NA,5,0,0,0,80,5,10,0,91,NA,NA,NA,NA,NA,NA,NA,NA,0
"404","STRM11-VAC-013","STRM11","2023-04-26","STRM11-2-5",0,"R",11,14,8,NA,NA,30,5,0,65,0,0,0,0,154,NA,NA,NA,NA,NA,NA,NA,NA,0
"405","STRM11-VAC-014","STRM11","2023-04-26","STRM11-2-5",0,"R",14,9,51,NA,NA,5,20,30,40,5,0,0,0,126,NA,NA,NA,NA,NA,NA,NA,NA,0
"406","STRM11-VAC-015","STRM11","2023-04-26","STRM11-2-5",0,"R",9,7,0,NA,NA,0,15,0,80,5,0,0,0.1,63,NA,NA,NA,NA,NA,NA,NA,NA,0
"407","STRM11-VAC-016","STRM11","2023-04-26","STRM11-2-5",0,"R",17,12,0,NA,NA,35,15,15,25,10,0,0,2,204,NA,NA,NA,NA,NA,NA,NA,NA,0
"408","STRM11-VAC-017","STRM11","2023-04-26","STRM11-2-2",0,"R",11,5,0,NA,NA,10,10,65,10,5,0,0,1,55,NA,NA,NA,NA,NA,NA,NA,NA,0
